Engine rpm,Lub oil pressure,Fuel pressure,Coolant pressure,lub oil temp,Coolant temp,Engine Condition
1260,2.3701283543792178,16.836161497111068,1.4007717496418564,72.8526742824942,83.90593097401197,1
1694,2.8165308464035363,22.940220780347907,2.148175827662778,79.41523063850515,81.34309355207914,1
1530,2.670726292944182,10.561209973943825,3.1392695378569173,75.76511296862942,74.15053487187356,0
1495,2.5297185532705564,15.574345217694411,1.033792169103835,72.98405366723105,79.27431190405845,1
2038,2.5975488913731626,8.585303353508527,3.9690233975407674,71.23622325437611,79.63420202009267,0
2569,2.5708619649324094,10.39064514198369,2.1420561685986854,71.05581719181563,83.80845168462982,1
866,2.526573807299504,21.322891886692318,2.6372761356782894,73.03839498743629,77.16764749698952,0
1638,3.951883018028554,12.684175667642672,3.662200789040752,74.128018408276,75.43667712169615,1
730,1.9453631111339078,10.983181019698645,1.7068746548328502,70.84059378288063,79.77226521606596,1
1882,2.2705258976961695,5.0,3.560813686255389,74.45383784906727,76.77287748002723,1
2535,1.416593278960488,10.933226761055412,4.140533570892369,69.52942353665996,78.38245390208182,1
530,4.415482802510849,13.973598629025105,1.8444210026704209,78.77950608298175,79.59560213554437,1
2085,2.203497041342413,8.212985201068946,3.8693876725962943,79.73681199729982,78.08477918137773,0
1169,3.6607752317221403,13.686083055087657,0.739421405758397,71.47837404895735,84.81591371426408,1
2791,3.475318860212307,21.353155303291118,2.889600394794567,71.1991347244239,87.07147553002211,0
1915,4.318838621090771,11.463473298358338,1.2714014842961914,75.88958403504937,84.31455371479107,1
2833,2.789983301624906,10.283084753150321,3.442568548536189,81.32683046515783,71.14401417422569,1
1615,2.0524602127140876,9.380492665674534,3.3604560484222032,82.43331832126587,76.79013168849083,0
1355,1.4442500241283716,9.291179537421,4.577379995591244,67.98628638381867,79.10673940483902,1
2724,0.5,17.677887234442146,3.9212829829524996,80.03152414825762,70.76863370324962,1
1584,3.1613532258789028,15.243343684415253,2.334228802398545,74.69223331032403,75.6205414142536,0
859,3.775472572488914,19.78428439637787,1.4182525127011596,74.78905149769733,79.04285015383725,1
421,3.471688105197841,25.099189458271276,3.06568707966939,77.52356182825281,77.75512959435468,1
2700,1.4702356968271921,5.84804434045426,2.4392685896145068,72.59521264791942,80.0432508865446,1
1147,4.038826145111929,16.900393542208867,4.051155044595704,80.48350316054152,73.09585819361523,1
874,2.3017839716846478,9.4069033278322,0.5,82.11981135884903,77.69858824641582,0
1482,2.093096505858246,18.944496490167253,4.688056759288627,82.30642138767618,80.7595487536329,1
2958,2.2793677646968162,13.640439994632818,3.0319906076118035,65.7804260586736,80.05100735712435,0
2447,3.078408922506077,15.136613804320866,1.6869878782796275,73.85171365635784,82.23446788823941,0
1375,1.5152984284829278,8.58411286035096,3.233989227418566,65.32384707596121,81.94287180998766,1
2206,2.962964086280882,12.867864874434163,3.7974214212897035,71.1735996902833,77.96446515622918,1
589,3.4294482453836697,15.448311255541299,2.614346891303689,63.01250564435171,80.60059441537561,1
962,4.107323896243615,21.780390734033542,0.7350796158551571,77.25133317319744,76.00003452652481,0
2299,3.1759566572212443,11.027197362957228,2.206152963652894,76.09654817790087,78.64885840486356,0
1667,1.6603715018062086,12.246542142348435,3.539395053042138,72.83699446721617,74.72191264025147,0
1928,3.1488902276522235,19.721448210911408,2.996664734227375,71.04425944724849,85.3271221613813,1
1046,1.93974172605388,10.703298581503446,2.343492969164627,76.57015812176834,78.63252849734634,0
2468,1.8820548436330495,20.711925719870628,3.8083158308914355,69.94288964314453,85.31971723114032,1
2614,1.637296396460021,14.95456712636872,3.2393058408322966,69.60268942616337,81.55748034344222,1
1697,1.088746320105976,16.515614807959217,3.3163391559383437,68.98791899032645,75.57168869171885,1
2835,2.4328368320646048,16.837611512546854,2.0893653080191985,73.98079534630675,81.2555329950076,1
1000,4.1288887430469075,11.91889723296696,1.9926163182539014,72.08846215233619,84.04859132543922,0
2763,5.256484015427542,16.949434097361976,0.8000402793169787,73.07880990768165,79.61209604198743,0
2461,2.4264148416599056,11.1381510784285,2.2406082440627437,77.60904370009366,80.3701467617062,1
641,4.086105526769655,12.489484979505601,3.435392053798128,79.8164830242975,77.24271345822461,0
2441,2.605417681763405,17.793454830166375,2.295906702984413,82.25240392447942,80.12051613238674,1
1763,1.3492642805514388,16.466969778209513,2.945538846529005,75.30068488984146,81.18949094401071,1
2539,3.700942261446077,14.625175245804762,3.6111993566532803,76.73794551281385,77.10592092940745,1
1790,3.2348140867955664,8.706341753684946,2.8728329917986324,75.94423178565457,74.60352031660173,0
1878,4.818019607961116,9.95420855325185,2.970514761760802,66.62907150593048,86.43985249791598,1
2956,1.465321518017244,16.383545219524922,1.1421775379624457,73.15151472014456,83.0206025299237,0
1175,5.796032708335277,18.66070281742558,2.177435215898023,73.17450888629668,77.26170947314309,1
434,4.591717323188156,9.451772477396215,4.226626506496595,72.44593587115195,81.09828628579028,1
2653,2.982076426438146,10.800873762739162,2.6037971810960934,74.7953033569058,72.60710666163506,1
2355,2.701362208201482,15.670925870888597,4.396738181996575,73.90259723392836,70.11464513044822,1
1985,2.284190131131383,15.563939313145466,1.7768843693610528,70.06836618037471,85.420665437389,1
1421,3.1097326391877926,6.880213956194794,2.7339474521345397,74.24487023076473,81.1477557013077,1
1529,2.8160638445910213,15.807815067199945,2.117321562448132,71.80474801457484,79.76148765257692,1
1900,3.513795413580611,12.008160948848907,3.091984685124553,61.90378636541554,81.16328602406476,0
1102,2.705633338981694,23.20523314864479,3.395008668060121,68.01465539844769,95.0,1
2849,4.414963691496663,16.24599271367828,3.1024660957009003,75.4445716290654,84.34547643122661,1
1979,3.125046031166447,17.107367249379514,3.541852143748029,80.45945657077054,74.77279866812597,0
561,2.7431829720742678,17.236796510953056,2.4868270114776734,62.863983711608675,71.59811804039838,0
601,4.02428658177939,8.930363096737178,2.3094716323363222,70.64804183123171,85.27267881679708,0
2381,1.3774763698022479,24.719384465543015,0.7418069927240283,77.1572691699738,84.28047927115003,0
1395,3.3409883522771335,6.885443762744133,3.138450935164565,79.39097731876583,82.8753038377522,1
2717,3.0255713364094334,18.978515708498712,2.6721840922401574,72.89943219211992,75.93560484550304,1
1215,1.5891494695942172,18.093319687403245,2.4320852624374667,71.58608820789465,81.81642694941988,1
855,1.2914967204314924,12.6149881004352,2.3091825945456548,81.09855374945097,76.38327415628267,1
1675,4.010345002941578,18.332251583566947,2.46312043865621,78.98046352999285,83.3139094301048,1
1416,3.9627906903506935,13.41213400588131,2.2637638685020827,79.29309199038008,84.9132845363617,0
2743,3.172558429634359,11.62269277572111,1.9719661614366952,72.65967998754627,77.28263620585233,1
737,4.716657776454724,17.347795846764637,2.7395888807241686,80.56847118841839,85.65905080607712,1
1278,3.440968181861269,9.96719504456049,2.984159118932953,65.27465633568144,80.57426199781355,1
1476,4.249805319411215,13.878724206212151,1.7294320856138192,80.65615045829507,82.45936606220992,0
1191,3.4203245871845205,12.029116256350212,2.0992644308126094,74.66733923279055,73.45183318154598,1
2664,2.7241904343980083,13.320102452135275,2.2953782487351315,75.64467095623907,81.1610725297745,0
1163,1.9424687485666576,17.16364299565092,2.504813307376785,70.27373670961262,76.62207806292666,1
2635,2.3965637450972372,12.028168138268969,2.371814530414233,65.92986825945924,82.37316727007087,0
779,2.7428777287527817,14.038380434638178,3.159721199656394,75.53852073895865,87.33581334825631,1
892,4.363153102106705,12.484273740492092,0.8476329842961907,77.75697274795698,81.44760104658177,1
1580,3.769919558529663,22.21998332787273,1.024962801659883,78.51346192409382,75.49572546783408,0
2462,3.3303190682426163,16.713061991069452,2.693569399253578,77.97389297912294,83.13233045888794,1
464,3.8700099075640746,16.100348164833598,1.8973141521722112,76.8408084752673,82.00894372893858,0
2968,3.5273837156924825,18.41709252311712,3.3842423057738107,70.3810678190352,90.29300873200154,1
1767,3.2619376111068266,12.029327116125568,3.6698009525885507,78.83738036260016,81.26983980450471,1
1552,1.5013405984930452,19.296286124999202,2.73374717642291,69.82188826262336,77.07262504387965,1
2427,4.139157572861677,16.73088872916371,1.4280250837258208,80.53532118032567,83.85320612823189,0
1895,2.5414881524735238,7.195545486229673,3.554593516227059,74.58009065596913,79.36160963847203,1
1562,4.088540277622545,7.859845834496176,2.6989026621503274,74.74645390067258,80.40125494855887,1
1922,4.18521029151089,12.13851473607967,1.0130640274728824,79.32963309152551,75.35761984812224,1
791,2.329960806444653,8.39496752067415,1.1014803519348157,80.0073431276707,79.38782593598293,0
2098,3.9497160805959375,13.808607696502085,4.016946789708645,78.85319339475069,80.15402348745218,1
818,2.6390125207441018,9.93131004292068,3.8511359132612295,70.89771075222166,79.3582566213156,1
2736,2.6449676723532756,14.511384734645405,0.5,78.81334775219275,77.0455631878459,0
778,3.257473234582658,22.05854687965728,1.1422091047421232,70.92605195014777,81.44114565172647,0
2196,3.2844725891695403,14.753115482219075,3.640855495621655,78.9395070086383,75.38263791579084,1
2678,3.0385515153508917,13.485177725490356,2.4815074116069518,67.87418401968867,74.20502699738003,1
2488,1.6657119844440433,16.94121323892672,3.201849285492093,74.53159969030817,83.5476808536322,1
2582,2.8785533605156606,11.517901035386982,2.438047253901903,70.89554430247165,83.08875089043642,1
600,5.278478728188406,19.217071546979998,3.1544924900712035,79.34967826224013,73.46197759659825,1
2263,0.5,17.47606476562056,2.505833546665434,80.57583387044507,70.85222476783768,0
1179,3.869740440228413,15.194327810242818,2.0623917432430336,75.99498256895966,74.95628977301716,1
902,4.057124933356309,15.771579158167931,3.5587438299148095,75.83054571968943,79.35850502763401,1
2854,1.641652280713848,25.208729552814262,2.702054616025646,78.52088561240568,85.77174787382754,1
2151,2.530561086590454,19.71156105133934,3.1523887162435664,80.60557439974559,79.2362771609374,1
1204,1.9992828420566553,25.997633155806668,2.6574479249607665,75.18655587331081,76.15319475635984,0
2546,4.853965377311879,17.66015096646226,2.013643106450187,72.5016233752601,80.7429311454153,1
2295,4.103025266777783,7.641542786646559,4.108389311357192,78.23633743220245,79.4299194237521,1
1970,4.151425374464733,13.689131485680797,2.8549682547576656,65.70636314453165,73.09496346273501,0
1360,3.1206472259947953,6.498975627259668,2.1449513556278483,79.54825769779413,73.12468557540645,1
1885,4.312091949749643,17.641515173334593,3.778329470318716,71.44906525279144,73.25901248942353,0
1428,2.9917634329379217,18.72702098672701,1.1791762261210428,73.79886066863776,92.39925767453968,0
902,4.359157627210558,10.570420020203604,4.736283650795986,79.58025661559155,84.29990720136807,1
797,2.8513035758877794,11.721818101765734,2.3208502423365713,72.92245241805155,77.03141970732318,1
1270,2.320758083286561,15.743754481176076,1.2319857926166236,78.23704439287401,85.54133411414466,1
792,4.810950266331943,9.009479683678911,4.405941348457565,80.69454377037208,77.15971856169267,0
606,2.979151239334864,8.634201153787336,2.0368323869272085,75.55016545023753,85.37590198486865,0
1438,2.1012000917575357,21.193160240205604,2.7432445698556274,76.55724077912356,80.40153228534727,0
2281,2.0903661025100275,15.573553090819841,3.2176907414394638,74.40282063028141,76.70574375101351,0
1884,2.0934213269809594,12.20945321147022,3.6841725276601456,75.5779899853186,83.39910172914485,0
1263,3.8444423510293686,6.539405557213904,2.7997745637215647,69.41797610024985,80.68759786361842,1
963,2.9011371229547844,19.26175678447236,1.8526845916699628,73.53130956720962,81.99133886089663,1
1420,5.297958975997083,11.577408938915154,2.7189925233339927,68.55897196508741,81.07753511592054,1
495,4.18617818232412,24.303422229352694,2.080684454668279,70.50616387736301,81.02507386435464,1
2323,3.2571381300939715,19.296550488467226,2.749011676364524,64.98525489663919,84.00276944043372,1
2157,4.403897541198283,10.959290727963655,4.128149545756858,76.31964076752443,92.91903424408834,0
2932,2.5044926635305162,11.422641514342642,3.2559251916437937,83.45801082688706,86.24395950274778,0
2678,1.1452141958406943,23.609255814721656,2.706646438098339,72.71947132429715,81.09822580141523,1
2078,2.01041694242526,14.578702765827476,3.2384908326063404,79.82566795286189,78.44696542550213,1
940,3.1472078293696026,12.433443858383152,3.3100806519091854,80.62846408008458,78.99632540999004,1
1459,2.77745852782886,15.13860844238285,1.4221258970312747,69.00431382825865,73.71935352694776,1
2972,3.8244153882574605,12.41043674973105,2.541722711215698,70.0810304115459,83.32271771276608,1
1583,2.8753862186565304,16.205242385540824,5.0,79.95399044176104,74.92538654170829,1
2122,3.748034725961725,14.620881892408685,3.7128209850318665,74.53829318504074,78.13772843975369,1
2219,4.5009716305642895,19.377539902557544,1.9965644408388001,68.54605566924704,83.35174351450999,0
1997,2.8723041493892283,13.057129483804367,1.8967921038823783,71.81570206535696,78.81337348101736,1
1195,3.5551452887111212,10.575918166551766,1.8634742768243977,77.09830122406032,77.53856004735374,1
1451,1.245213159424766,13.255076516882072,3.3663199502620573,71.03031662947583,74.01259656947178,0
2043,2.876106021259441,13.22458050887977,4.107640921116218,61.12731567282803,86.02663366152406,1
1763,1.7680418742539785,14.612330924030033,3.082167044480058,73.38993411396082,75.8338906727356,1
2381,3.145226777129347,18.172701440286122,2.657162349868818,73.79503403072403,77.07062086526025,1
1754,3.2359997566773306,17.899544837359603,2.0558446423672283,75.04613217072163,71.04135290083069,1
2063,3.2326763579137943,20.99829337929284,2.829373145583527,81.29441686644765,79.9006947609605,0
1929,2.5198774102037067,10.942551611332378,1.6798782799037904,75.26761398949523,78.3335255681922,1
2438,5.2984688617348334,16.943600615255544,0.5642344527887615,76.21468677212853,80.90928958484207,1
1896,1.7319784883569318,18.636599235103574,4.136825690112449,80.27768486824709,74.12684161521213,1
2637,1.6708541728384838,11.62889796844068,1.4941873296378907,75.0517200791788,83.67090396767568,0
1808,4.654978375736585,13.961844735088105,2.1751676263306807,85.68260372645051,70.80394723576941,1
1800,2.295720869410107,6.250110628906016,3.156357450629291,68.68145853010499,79.53911250008797,1
1706,2.05530931246357,19.534288475628674,3.934466869346054,70.32926143446078,80.57744141569792,0
1372,5.302911897723113,13.922508988400654,2.7571306524186214,78.06979204135406,80.28887003353043,0
2168,3.9857227168235636,19.032820883404998,1.3062890123391717,81.2715676646932,80.78877435580134,1
1682,2.405535451861778,16.030247589397565,2.198653550308449,73.99602501565688,83.94335842130434,1
1109,3.217507905693561,14.074173855125633,1.8215145949749205,69.94689414605297,86.62349352486525,1
1879,4.945871284827684,7.035986003237571,2.461788972528679,83.80494792612676,79.2219603584353,0
1834,3.6916206809508676,7.925236946417799,3.7319844712696355,71.03815552597845,75.16078682430194,1
1048,4.286148455106442,5.0,0.5,76.69527225566489,82.80358641146378,1
717,3.8048031787338052,12.18693258585672,2.088610169972509,81.57075905673892,78.59880307627904,0
1657,3.930253345953541,26.39124351590624,2.0159503636129816,72.7919738828949,86.3230985581109,0
1083,3.0397416959104273,8.560263052410003,1.2432386551043604,71.88936081371642,76.99016692813937,1
1063,3.011348478976219,5.0,3.085490743749616,72.23156128985168,75.70994555683609,1
2398,3.267050385348454,19.81334459792766,1.0850241281239519,79.50775628287383,80.71896875476338,1
2031,3.7344528074503005,26.818589346483506,1.2001057207036752,80.3007385260133,71.29791104381503,0
1895,2.7166846841673866,16.489605326299014,3.3510692140206135,75.16862695881063,77.66285643120858,0
1536,3.122053934503005,16.443661973599802,4.000571368962668,84.41541126534867,78.35079711695826,1
2253,2.6896543840440144,13.450589631781243,2.423903231388041,75.15983279635064,81.10236160386341,0
1920,3.1156848219945292,6.028713847449701,1.282603881010734,81.46166607084082,75.01863951864901,1
2889,1.749003669018153,7.746440411282618,1.79444590822175,72.8399919787453,75.60249763866024,1
963,5.605977466959518,13.41623335300741,3.508001947245045,86.66878266852783,85.784568453482,0
1691,2.267059881221124,12.457723299851281,2.6164382406633937,82.85065707789856,79.93269272707174,1
2036,2.6385392752405687,14.42413536115029,2.3989612231180772,74.36012682235743,84.3231859195148,1
1098,2.1807356064451975,19.146624119640794,2.8130497099131464,82.17270104358501,77.29106299308269,1
2560,3.61570874916454,12.090810840414896,2.4623400564745594,81.91990245586008,79.72774518789562,0
401,2.8039973687576687,19.248583782023054,4.045712297659217,82.76520538146325,81.07267213514606,0
1041,2.036192489902782,12.12355145048615,1.750856735306399,62.590068321398476,88.73777453811631,1
2667,3.656883366224343,20.191197964328786,1.6360408831647866,78.59675724645417,78.91190909914259,1
1989,3.791649147922791,15.431837835367118,1.116546481931344,77.71149384652871,79.1686555313981,0
1254,2.933123675522733,12.82084829539244,1.9600123642743097,77.35536640471726,85.49076513868368,0
2159,2.336374048617923,15.346470302744448,1.4080245253338455,76.09173216698949,78.10094280757457,0
2832,5.191066005559717,13.532305789212167,2.7180755086527237,76.23905639757263,81.42314595836376,1
2061,3.340067630525231,15.565671188399858,2.5209473655251435,81.41570152649041,85.05479603209515,1
1553,1.7259310150466762,18.790530992587357,1.4209244999320236,77.69736686846686,77.1207906415053,1
1476,4.414040461002768,14.56392200792175,3.0891393590279725,76.08453221866182,81.70231223241828,0
2107,2.1442252505874286,13.152155735731094,4.0168128671298735,80.69690507417809,88.72775355072507,1
2095,5.741878340269917,9.382418975445855,2.8578383486710237,77.09013089205935,84.60659024419077,0
2133,3.079657857527587,17.895890096458572,0.5,77.5678421367669,81.42466534842406,1
1839,4.013316036055354,16.741361132013626,4.487130970670105,84.33518554405615,78.87839344083683,1
2694,0.9199824391530989,9.090285745362396,3.2469234690710596,72.82759643725177,76.97840859362582,0
1235,1.715859115910037,19.177471389603806,4.456418253188451,67.42144830799378,75.05907038382097,1
602,4.333859619760715,9.009079836988322,3.590723586149834,75.36181755495399,87.54811979982838,0
522,3.3178150656291368,20.146108956169467,3.7905154188705588,76.07271672478483,86.57735522685,0
800,5.042396422714073,18.43931663593509,2.7052668936010846,78.60764514728595,76.71442761229711,1
1166,3.485175105229589,17.098327612990346,2.237703987810167,75.53657957330981,81.68843499039069,1
693,3.1452962397410396,13.115024204164818,2.8734811877321604,78.77559621986279,80.55663249253155,1
2727,4.713573990822205,17.878898913332264,1.7912149197534606,87.52308340135785,85.92207730662037,1
597,4.010136999225445,20.381859976205902,2.9338808509002323,79.00757159438504,81.91400599150676,1
2330,2.8037388007237105,17.961759605540866,0.5,79.88657650525734,79.88590619634826,0
2591,1.905895899501553,11.648749891368812,2.5429322452144127,74.35234296138783,77.2915719885216,0
1008,0.628384335234506,16.33703491177732,3.844676120102133,68.07371455246349,81.70433922562914,1
1547,2.5623343301972947,20.66017493147518,2.594308578928966,63.509442064351276,78.2590871451869,0
586,1.813664904778628,25.995490902783516,4.227482738030988,72.40659708932141,81.1034247256492,1
2911,5.597704643234383,13.973935127504019,2.2362546121513946,62.098141720174404,79.62014460270844,0
2194,2.3496290559299733,19.289415530657152,3.5026509129878276,77.56774512509637,78.13754060064926,1
1059,2.322290994374955,20.67240260042159,1.621729926326634,73.08591507787573,75.13629613184091,1
2355,1.4787551254113545,10.93797500505118,3.4619566195553784,68.43312566762378,82.57097626373651,0
2850,2.733682671477297,23.910391590307405,2.7325949082278163,75.65437059974313,80.21285170689517,0
1769,2.3354650703577873,9.67407657958277,2.280249504157271,71.30683903179099,88.93710427733214,1
2386,4.737729428744459,19.04492757516488,0.5,77.25388126825385,74.83827580811196,1
1934,3.1684761594149844,16.52659889773533,2.2456232241944503,78.53813164911251,83.12649096116496,0
546,2.9911359773436224,15.277877799990799,2.7134530192798105,71.49082918505779,79.5867676598668,1
2134,2.865327245917402,27.73416640724322,3.3287094352199174,73.81359409454836,90.49879199163279,0
2243,3.786174920189202,13.493723823365993,4.060949799099068,76.0744787691911,82.74485958530734,1
888,2.547671834365499,13.413272036356958,4.53503270136591,67.96478893228787,81.62344290817542,1
2359,3.6672060935318385,21.657394036988975,3.7462673431229843,76.07403761438508,79.59948782513091,0
2063,4.613969820727444,18.809018890433915,1.9379096746958058,67.84490675960302,76.48439472667191,1
2998,3.4600750102996467,21.41049460479277,2.195195910482261,77.82858489776434,81.55696396320465,1
2785,2.750268717174865,15.584346911705566,3.238915471043683,72.824181686859,73.0884869543162,0
1040,2.046540829028099,16.584713085060816,3.0196144598478014,67.81728632977882,73.31857955707514,1
2202,2.7248760136529255,24.50467806497287,4.128345959391361,72.10013200429587,85.06219218414748,0
2920,3.5630788739725707,10.820229602096518,4.9793894187099115,72.31162709403279,71.18937930477968,0
2369,1.4674726580826787,14.485614779541699,4.767180195098223,80.34260441693472,78.40213220854581,0
2598,3.8315427577092827,18.991270357127224,3.993938199798345,75.86652349642897,74.7543675437052,1
1838,3.2076126882280644,14.020695899560812,3.0279026489428973,70.21861271217433,77.98764653805168,0
2034,2.850810840241281,12.149270603584823,3.8493250629458444,83.24533143600243,80.92272651169674,1
662,2.3405865885489976,18.09242256393261,4.161441013728396,78.13245200755279,84.92277645482086,1
2187,2.5236222990306327,21.67902833245747,2.3526996027449814,73.3183881571017,86.08816794866361,1
2591,3.5973060414653077,14.295828185970715,1.9673390274912408,67.2308290715249,75.40523390420589,1
2793,2.871788473904889,14.157051895946255,1.7325789999283252,72.87703210259903,77.67019031686618,1
1023,2.49886003272143,11.761559871582845,1.6236152665546966,73.89743457671165,95.0,1
1416,3.4685634933715224,13.52011578297133,1.1180046774068093,76.84516165725128,78.74992657032318,1
1280,3.50818977749213,20.41803039915093,2.7499017091177276,78.03628254829827,75.58894602002047,0
2449,1.7508249386759522,15.405314353468285,1.5002471989118682,79.03291047705368,76.42099618629281,1
1727,3.5714806965769847,10.97504669534856,1.7164778158646177,66.94266284580726,78.77930041845335,0
2701,5.501698212860443,16.311811901618313,3.201255559176727,76.04252410581621,78.0363131860577,0
852,3.4696207893755044,20.255970054930202,2.6816090662535097,74.20192087375894,78.82814938402565,1
1583,1.3009927951563323,12.190571682262856,2.9296249406336745,88.38988638084939,79.89286723136718,0
2456,3.177375391839546,8.356973902022183,3.8651487618920815,75.32347219548186,79.85796068853418,0
2082,1.1691846258063152,25.95412579936376,3.364529908540795,71.88673400769315,75.22256751364404,1
2655,6.0,8.107353249783763,4.018886581452663,75.55184428358457,81.84665510578066,1
1554,5.235674686984474,13.204887180721071,2.579976494778071,74.95715855994617,80.60523474940342,1
803,2.3340615172046038,16.160642559293347,4.1117905913123955,65.05480346424493,82.48290835274963,1
2599,0.7543328010061638,13.637861493778544,2.85973676435746,77.04152231708919,71.42772973137421,0
2501,2.1216288129072156,14.625445776724906,2.668706261095203,73.44720954660708,80.78422121845739,0
2096,2.8190092610602764,17.88419083937297,3.9615262062765035,74.8665439241974,70.07201842048991,1
1027,1.2381362579602615,5.0,1.627846320806705,70.63215733054722,79.12214552761709,0
986,2.930977485003772,8.665527642380743,4.523600567542475,69.53042884893883,83.28968146376538,1
2048,2.8124213357297485,15.221296930351645,2.217899979962714,79.39441167037822,85.22889575801183,0
1843,3.1251546970628885,12.97891494013195,1.2818920284506783,80.54228328221411,81.67230032048502,1
1845,3.22964517693798,15.647056291377988,3.153501952055862,77.09049302718617,83.37695367646495,1
503,2.0343824001228485,16.138266413156522,2.1226784898817392,65.94601199720182,78.5049751895877,1
653,2.146585960250346,5.0,4.5258070919112505,77.41531679630661,77.45416115037519,1
2957,3.04559216447005,21.36820166075823,2.0670991812148527,66.02031724331657,93.46379081261864,1
1896,2.369007870126053,12.508660584498251,2.814448917351962,71.69412182585867,84.13580155932605,0
498,3.907494768417256,10.672434076119966,1.074406684521897,79.3277922437862,74.13508074267304,0
2600,3.0358945497676997,16.041776479796397,3.3129142448974713,78.28799240852246,71.32668039233505,0
2284,4.865003233997474,15.535801138911216,1.7226099241410955,77.28483682266734,77.67465275468213,1
2319,3.8204824382712257,20.983454088273188,3.193324690332601,81.56451326959892,85.95934253154333,1
1277,4.103713869390598,16.359365813850083,2.0716547602941384,77.80007573703963,80.24369577014384,1
737,3.132566067964786,20.7905542401215,0.5,64.9049038747956,68.87990088819357,0
1356,3.1573615012902962,10.309113122861472,2.6311900903438836,73.1523457687182,79.11353288405046,1
2104,4.731320579909177,15.709305276037496,2.5864285170784354,74.7919577113447,79.98799224875724,1
560,2.6217071164629706,9.426261463375553,3.3810715736226133,74.20629136615314,67.9216631026726,0
2003,3.5467793541652397,15.488379277801398,4.0560005718392045,71.91432412448805,80.12083076025095,0
797,2.733762467838542,14.428560221990573,4.4124094099167985,69.84921933268203,74.93315996204338,0
1700,2.731363941612697,14.213512873995485,3.364154213470886,87.0037248472966,70.82226794605842,1
1215,1.83110373425828,14.257362238191837,2.7786191920659182,73.05627587397109,88.022537900827,1
1927,2.2574856491430593,18.681947350922986,1.0726664104845347,86.75801026687226,74.71198899607536,0
2319,2.0717305485835498,6.963201714987102,2.702020936990007,69.29354797621973,76.6635763227186,1
1815,3.5943688089231696,10.501060686079137,2.7149401699389326,78.28530034379504,76.5970855696666,0
1558,4.040205928223663,14.797140866274123,2.301359740343972,76.14820708194935,80.01119375462152,1
1618,2.9052466264215977,9.10668455264375,3.1329676506008086,70.3902523646747,88.83155303527937,1
800,3.2296279301636535,15.23057053100522,3.6219057109821344,72.66221445089658,74.01906564882034,1
1039,2.8475286448949038,14.745737393794625,1.6815960694713161,74.92434965319515,78.46598242775703,0
859,2.189224080107015,7.981216774737084,1.6660156458005329,70.77941691416937,80.60430939513199,1
1354,3.8622630247968788,7.734174268728612,2.360707988223371,73.71929702982287,75.65604126420247,1
869,3.6525346937594794,5.0,1.884770809292077,63.175487873046926,78.38556797710697,0
1445,1.1074540146960363,8.896649751590434,0.8587467976401371,78.5575799513437,82.97249903374778,0
2093,2.7168909987647463,15.071616291053,1.5034072636770484,81.13575837061396,76.22147506646753,1
2485,2.1179726587925716,15.780939114704388,1.2676788529625593,77.2718185374933,78.3067874563491,1
2677,2.609061430334775,16.009497798142252,3.708450508018153,86.3212906396889,77.84323036540357,1
962,2.3295684329537405,11.110405936663096,4.2028270060092785,78.41048113799947,79.48096659432831,1
2885,2.9535796292586003,14.908482579892553,1.4045665427054133,80.7140481938878,81.2157585731162,1
2199,2.670085264866526,16.986223046207265,3.0460735131371113,81.19181416255056,82.93280384053439,0
2474,2.648859306179161,8.659822252494234,3.373516424469751,61.244933217071825,89.68777150981168,0
625,4.107388428338713,15.6166453719527,1.0077312133401362,77.11836599374782,66.70761784072894,1
1197,3.5571786606692486,18.282406059175457,2.6609789471789993,68.0853252484161,79.16304330397278,1
2731,2.2961053496995665,12.546139350885596,5.0,69.09548274214598,73.17781963878903,1
1359,2.444453267186579,20.311171651748015,3.1771468663576306,69.96513364099043,78.07314999674549,1
1904,3.4917930553996124,12.66282828087515,2.2546994586674693,73.43642099991312,84.4043366534704,1
852,3.4904195717027666,10.699695724384625,1.939813474781791,78.25229980368849,85.9889626107119,1
1215,2.3962197609379308,17.784205892764604,0.5,77.16994912503353,86.22357288409204,1
1058,2.7660093330978355,25.166468847332283,2.970473656116732,74.93709308591201,86.17646257425211,1
946,4.846806040086968,15.426768094439046,4.4478167872543155,78.61341720602981,79.13032464189786,0
1615,2.413451911478657,18.1745390205686,1.6864562456020793,78.91743160796051,86.99265137353582,1
416,4.910804588458785,12.45641389451078,0.5644153204829387,77.21312094616673,87.98424897302921,0
1643,4.103666942525805,8.791918901019862,1.8357758186467756,66.37747606962607,80.69400227270755,1
2605,4.725416275055466,15.831328229503667,3.3815997459782086,71.30333605321638,85.88618300783781,1
2924,2.370928027930571,16.621999858939557,2.0714999951779145,75.13163916971324,80.20618509258288,1
1469,2.831444125937239,13.21044454809419,1.6795319070869117,78.66726441570542,87.0511625777544,1
2965,2.550836191224437,18.15528259010753,2.519154915057859,68.35710171138007,79.19168381318221,0
2546,4.126753191926203,11.7295999509284,2.729700747167855,74.9432740511236,76.95239759153408,0
2168,2.4323162273279104,10.489568670741289,1.1116098592283055,67.17187771805274,74.40004284864192,1
1460,3.731215493342874,20.303214652430825,2.2827163030631765,80.12958992859639,79.13185483381174,1
2727,3.678299411192041,20.32673813270815,2.0027323860776614,76.21173639182362,80.42194097164152,0
2944,2.9519704692858233,11.828284470821607,1.8590956507519172,68.26931982022029,75.27073669312023,1
701,4.298659734164335,23.594252452024108,1.4829633306085521,68.23635731097853,78.74945770502171,1
580,3.107679869726605,13.564466537348753,3.441257854794798,76.9371593579213,77.36725345289616,1
1006,3.834085718608303,15.423914323219794,1.855613071201972,81.87399457281583,74.61512226834745,0
1099,2.5052966310822176,14.57673729075786,0.5050547141867148,69.51607081275327,85.17942330776792,1
1392,2.276563185893175,17.618801087228398,2.7642978219754335,78.93302054308039,86.05951801552892,1
1539,3.731145529257608,16.357107469004713,3.2251994726731845,72.28881140986086,85.15716339146155,1
590,3.4308402443337482,16.28981080790829,1.7039839347841226,79.11597051346443,79.5792210468925,1
2700,3.243307664128366,9.902191841400569,1.9403373102160337,78.41595455182656,79.88808597304063,1
1380,2.6563116520622163,6.557188416051577,1.8509462795716274,75.7764992074122,74.68413322130326,1
2406,4.549209476526304,20.710800141264308,2.1533466385698894,65.82804346859709,82.07316447620668,0
1584,1.883414195746153,12.272770005301282,3.606850182189822,78.40592825062056,80.8481585309281,0
527,1.828656990269028,14.75483313283261,2.3859408276276435,77.51009635498433,94.2197369826284,0
2465,3.942166505163829,16.633994549448904,3.3395935456672055,77.05214876597252,85.43551181007871,0
2216,3.8600963841430698,23.14504801674634,1.531168368453247,75.9783703161549,81.57622463285428,1
2158,3.353762778991868,15.80678962321254,2.1163095804190157,70.60606555833947,79.79195344503337,1
969,2.7120477780971934,13.026012185379514,3.454013815847307,80.41481385509556,85.00653268538613,1
1746,3.5024221291904123,12.382278093565713,1.6943946015737406,79.49069860408318,75.42130664809739,0
2295,4.720830297119534,14.813215793790308,3.512136460908531,69.62288611577668,85.69818906007016,1
1025,5.515546207874225,10.453176151796935,1.8716159090048619,81.57147505258875,74.5642824988135,0
2086,1.3435862945248436,15.144378615745051,2.1783374849415806,75.65834717317694,77.19238071392634,0
554,2.5810798807514534,14.73990155770993,4.1701625873489245,75.64568476572586,70.80910250297771,0
2937,2.5182267370151603,23.20763474322076,2.0641810228337687,74.11822331790658,83.07038111524545,1
1809,4.626519471699682,14.581994307045395,2.6453458027506347,74.61003301707473,81.24964513131594,0
1184,0.5187050134347984,5.377559194755751,3.116436422521736,81.85449594154885,77.19258487616987,1
645,3.513835193065546,28.36755485198239,2.7265086496720112,80.16537492299258,75.35430604512091,0
1900,2.7431896915809664,19.784168655780483,2.7550533488895765,80.05923541819708,86.89361113350034,1
2105,4.63811274954764,25.411743720477922,2.4434602560182657,75.9228217627269,79.33198031198415,1
937,4.50103884000446,9.213400065077579,1.1977607909836772,79.44585861767199,76.16352312739713,1
2290,3.3655067348266927,13.89086609371854,2.8482893300997585,70.82843462979714,89.60966481809012,1
2241,1.4202769292882031,18.372006207471596,1.7675315429883458,77.91721489249034,76.71468540429144,1
1320,2.426110517664867,17.681956861422297,3.2757672174031764,74.23255984015516,85.69308535726893,1
2855,2.5356089233862615,16.53468853679776,3.8720614239496856,64.70097506295839,74.24504717994714,1
924,1.6735452055465352,5.0,0.6944427385829846,67.06949170589019,78.22526884896513,0
1929,4.1545842818593695,6.437802712178431,3.8738078274271044,71.6851060995539,82.51145612691194,0
435,1.546573502725594,22.58760054531936,2.0889422081329565,77.07576992174356,79.71081525197988,0
1084,4.965327508453712,23.476647664348448,2.369050777815527,71.68960105833015,81.21881510756526,1
419,4.962822634045459,14.46674354281802,1.5876125474876104,72.04441631307645,77.30582576987997,1
2768,2.6149397381404937,21.95213737203191,2.688467729066277,78.81630460937421,72.01101924050202,1
2959,3.328495370129816,9.88386116928351,2.5668148831774054,72.22493940275156,87.32788192182355,1
799,2.9277165219295758,11.027869732656598,3.5769228252928507,81.65403621017205,77.61085811312965,1
1371,3.90182480036169,9.488598390684253,1.7586067233697429,80.82561869910067,81.44506227766169,1
2306,4.274677338564759,10.75040227155677,4.160802401937909,75.1094066028566,83.50978745816163,1
2918,3.257996992120066,18.613480047613095,3.1647140863088894,78.76730725829164,81.54379102155697,0
1566,3.469116709781063,10.688238134682777,2.590968976775409,78.08620227178191,76.45704366530893,1
1515,2.379395736060484,26.198715199639324,2.319215636104509,73.77167362020299,85.79882480975886,0
1233,3.4367139668903386,17.30035303173719,2.1934305528661495,79.30817331486074,82.56839587512434,1
2223,3.162762078923981,20.422635232475443,2.258656225593495,80.04451027695264,80.99386825172614,0
2382,2.0882055112486433,17.449702914000365,2.6684019569354733,70.237823846048,80.87792401792944,1
1253,2.985962890656889,21.071348252296396,2.291000039306268,75.7677431916037,88.41131172128529,1
450,2.6168174820139267,10.660000002307264,1.8594705434925127,75.71251911288083,76.34968890373426,0
974,2.3905044181819415,22.234667690997785,2.6744592948367023,79.24809733725353,82.07627914183874,0
1548,1.853508792400432,15.704694427957184,1.6637118812746126,72.78070824775331,77.35685254199912,1
2597,3.062502733249476,21.046330554843696,2.822466901001747,72.01119833611786,70.31847096829998,1
2761,2.2195259936746563,7.802179733119079,2.2769329645192586,75.84499830155576,70.1863273756856,1
2752,2.5288918276973007,15.902916033041816,3.196730909231844,80.90679611626787,74.92681812511643,1
2115,4.075124275217289,15.726193583908326,3.4890742106954766,69.00311442295033,76.70778416993852,0
1081,3.632116101268378,11.903817675102793,3.4886805603447386,69.87596923331436,90.86474874680432,1
1237,2.0212333521387467,16.56559414873632,2.818105056052626,72.39747546014706,83.49194217153044,1
1477,3.351891067906436,22.698034240007573,2.934831220766845,73.28711463959223,83.9417151042971,1
2891,3.1327806982641553,11.519238205184394,2.177248973881565,66.17208598781242,76.81460746874822,0
2711,4.701696208533461,19.80927178102469,3.1776396884833478,82.49097643457574,80.30663584759724,1
1995,4.3831450008722745,9.36288471926746,3.2905013606617235,74.34846704325444,91.53076492373107,1
404,1.4662512742901639,25.547222973212296,0.932670846475472,73.59947737910014,73.92791163111218,1
1526,3.861127668958601,18.923001592183542,2.8783471956072635,83.11318769017709,82.28119398683657,1
1619,4.2651972516236984,23.62558666129286,3.868129807708867,78.58896747561906,88.05647883455131,1
1173,3.5593592087283312,18.360302595468838,2.1437097053952154,72.32289061333326,84.8297154273612,1
1276,2.6645878563058094,16.953065888646808,1.9254530238661207,75.82303922654077,89.00769806962617,0
1391,5.413393915117137,18.96466470242959,2.0801365389136808,74.7913143381176,81.06432628263565,1
446,3.651409280927022,14.317762683229143,0.9951240071708733,82.24175428464639,83.0172651259355,1
668,4.976544273728228,6.91083047220839,2.6259839544489108,74.16287899158203,80.54887193395186,0
769,4.351478429473508,17.236996732333964,2.5299654400972513,67.78970229070895,82.66672779569791,1
1035,3.4641346602233036,11.222483327001227,2.697026832877301,65.61387946597353,75.42396793848289,1
1529,2.4202990885263724,9.491690423102987,2.915976621217802,82.37580673703344,83.9617420447184,0
2093,2.9758951218474987,18.18146584219305,1.7020065978185235,71.05692651118684,81.47124156383528,1
2082,2.7780875472064466,13.60445762550153,2.7731991990220437,78.35105827816655,80.31329683127274,1
1056,1.78548104435073,20.138522033028448,2.94319865991573,75.35881715357526,88.73195818907926,0
519,3.650281574959703,11.055296156204648,2.0116082691829678,72.91672606060871,78.67307300447612,0
1230,4.567353001959409,12.645855117430868,2.920117998251973,73.70076291498437,86.03911017310216,1
2210,2.7016965054485533,20.751480131506966,2.5807066263867413,82.91688940764766,86.53639298549878,1
1481,5.163656499224738,16.39921330498804,1.8688102305566199,67.75968285678438,84.27772192292731,0
2374,1.4424172141382663,7.613359795469301,2.7827886964836765,73.06772384622037,75.1745016463171,1
1769,4.054363548387204,16.288804414300554,2.2092892566467803,79.53282880341851,81.79539148671577,1
1140,4.67152023540541,22.406192742944018,3.197065274014387,68.58427495776871,89.7923715056575,1
516,2.7959694190189395,12.607112776892665,2.2608336199309624,81.58641403888792,70.90723232656649,1
2253,2.813943494857119,17.990288482264546,1.21023441823494,79.46124857876812,79.061707528519,1
1550,4.042765175844401,10.753065424220475,2.7669869855276508,76.35897842566169,85.81154259834099,1
2331,3.5059911099595347,14.316083625152855,2.7294032478314345,72.48421547862866,79.42339700106182,0
1412,1.0025886565404931,20.449177682252166,1.4188628872023386,67.94216922408022,84.04943908486936,1
2064,2.156626845460619,16.096158338774867,3.2505361154353056,78.53522947067036,87.04595514299561,1
1481,2.9864504519525403,21.44634931357818,3.198220836135479,88.74322467241944,81.16003141574402,0
1033,1.630301820314933,17.12651202113931,1.6300198075250916,75.72946267958429,82.5449526042777,1
912,2.5258256835700963,26.09369838600421,1.8403736989400885,65.86977294634049,80.45935466790101,1
1519,1.6553145747560658,7.175433153903653,2.3579923869704733,77.28758245063374,81.48902940985158,1
1541,2.6298293694466097,13.914033249695176,1.7411478689623623,79.30131485700598,90.51301217448136,1
959,2.663377272678839,9.577331033539743,3.1403971849116776,70.41073784052031,79.68025753659676,0
887,3.3517546765937136,9.918754127708754,2.6489719493272097,71.77244036955302,78.2342298102721,1
1296,2.9082406760004993,9.964081530969802,1.4064428541117642,71.26310885626854,85.20877114509881,1
1612,3.502789721040756,15.838629110256102,1.67752908715071,72.34318066568156,75.78538833879104,0
1103,3.3835440074739216,16.131504674109337,3.687719177166401,74.13918442860977,76.92639271367379,1
1870,4.031339994264311,17.13727962497558,4.035562377915415,70.69549445753249,76.9582735302369,1
980,3.8737830409601157,9.384697199277241,3.0387289760525085,68.82081129323888,78.7206273877098,0
2694,3.7681238351347166,13.378875905008549,2.288724744849686,75.87187692837509,78.9390026756497,1
553,6.0,10.178526801218158,2.0600370875934235,74.0866898006815,83.49549794832754,0
2079,3.347402636642329,19.679407781358577,3.049699418311005,72.81879114941592,78.28819182370661,0
1396,5.593571503858861,10.648662249095132,2.575920534259487,75.41594858360757,83.69731734617594,1
1643,3.4122184022439335,13.931439240020593,0.8899285525856233,67.39912147220778,84.32090352420892,0
1492,2.917149085194108,17.80153220661553,3.5318679825348305,76.3160146149838,76.73244400333479,1
1408,2.626834817786803,11.921856627512177,3.845803267362869,72.92155899855219,84.21353009349225,0
2541,4.50972579844843,18.46939222490327,3.237252532943198,76.1974473405639,84.66709241479144,1
2173,4.640503392887938,22.980398677665743,1.408388805371792,76.99824552709484,71.1953178168457,0
1357,3.599783855964729,15.948558643627626,1.8631735502766604,80.65575639143088,81.46740476436983,1
852,4.1335467745027055,19.508054572842035,0.6422801386422887,75.51477208494455,77.46795945849543,1
1627,1.7227795340769168,5.0,4.096048491395556,80.33359415027164,86.51532490166221,1
2665,1.4512201774877882,12.854740365760748,2.143261436740972,73.39043429434955,77.41696907363219,0
2921,4.246326885797454,15.924504084644884,4.833289321649783,73.62911243317788,73.30258422344664,1
2879,2.873188502096978,9.735174607998466,4.455230030907778,74.54535913588163,79.85091591665586,0
2788,3.749302417397503,16.03824667702046,1.5965735836310564,78.87062450339106,75.51513847950442,1
950,2.282712050043922,20.299702780295753,1.7917322605969868,78.15479538511457,84.24792632268944,1
2035,4.656988469704776,5.60219685994989,2.9661903423471196,75.67535939930897,75.95693750559106,1
1712,1.4595813281109637,9.054635670980762,0.7454578961337297,68.86132329197738,79.91246775405861,1
2157,1.6144149135173114,15.924066353820926,2.061740882621438,78.06529587883163,87.72905213582082,1
756,4.444311583712345,17.30209864720024,1.9618409987932715,70.69297682608514,85.49264311107068,1
2470,0.5,18.690401874548254,4.351165941946708,70.4205130310014,82.38919601644474,1
2185,3.378568868094916,15.554447394438839,2.6610178855044557,69.30757455031159,79.36211143723862,1
2969,2.8926740044034234,17.307562025079044,2.2152330224628036,74.58415644598982,81.91448228105544,1
2181,2.26404808079997,19.517403542703406,1.8685152673146987,81.05862149235344,83.44491976362526,1
2889,2.8000601514096313,12.92770949114837,3.394049597324794,70.17319727809893,75.06698818392256,0
2031,2.15247650691019,11.957069569967896,2.0032891760695914,83.39287976587045,84.2566862196192,1
1415,4.542255946048499,14.157466845325658,2.4497170256375,79.54905111226786,74.49152973721459,1
1748,4.804497088361609,15.997439711387067,1.8608764775280355,67.67698968374688,82.86225967506138,1
915,2.3142624132116554,11.708632783993409,0.9824628679846057,73.0861240891084,74.46554797725179,1
735,3.275524877468531,13.03121341763394,1.5039648722973362,69.79874866504598,89.81398121685307,0
2182,1.6749235290639528,16.98850885253648,1.9980282926353063,78.32477728867858,83.81670812468519,1
2705,4.073052159003127,15.788753905148576,2.2367451697363707,70.05918326164796,72.21987360607022,1
896,4.047009174643314,14.07331438592121,2.280576074076493,66.8944026147191,79.99536686884923,1
1295,2.7047377672923103,6.294653449686754,2.4110802994812377,73.37137111631456,77.39288977957682,1
2607,3.0168850584198954,14.9824600399573,2.0113123698489908,80.8469703684813,76.80136535109318,1
1251,2.906234550477329,10.149980162454785,3.849126348168406,74.03741888078723,80.7355176323421,0
2087,1.3815421663197243,19.9154135260295,3.447984119856982,76.9922193167834,75.3600312516575,1
2331,4.546004147600127,13.456394233607462,2.3648907328091617,77.1861554877352,83.80732882492218,0
2827,2.2330467611175693,10.0188397188874,2.7542582797409962,67.43862203629463,83.5232704349967,0
1968,2.2398507277420787,14.692283630599757,2.127911758547045,70.50312936422674,81.75712387470993,1
1356,2.849580145538167,21.353497925460957,0.5,75.03232093598798,79.90247735729568,0
2036,3.9955485853622785,18.154079245723096,2.520493012926025,72.21322508172305,83.29909142972491,1
1691,2.4086967849079692,16.09958575302967,2.805614361251216,83.52227275197079,83.95692753038992,1
1840,1.0478147785965557,8.369524704765718,0.8873382419597726,68.85838802459556,82.2745886837084,1
1591,2.113001939270466,23.108000498831608,2.9994110691946028,70.45369948383575,73.44062988409881,1
1466,3.4241404190789906,11.891864129820485,2.219423322055191,76.45272129739872,76.05806943065497,1
684,5.189750287809186,19.668919564361715,2.837933720634662,71.86053331108356,78.65969539253943,1
2844,1.7400800336268443,13.373185608242926,2.2496013526299143,60.54083700524897,72.62104551075151,1
411,1.703498232519171,19.187539362416196,3.750954474226849,84.67340614706909,81.12001566665765,0
2030,1.4874044991611841,21.53437047937637,2.7262288205840868,69.62847306886756,87.05502603661809,1
2946,1.363275008700659,18.24068634953767,3.5024164586720072,77.80446361340903,86.25845183379796,1
1153,4.205691460081431,18.779274798799698,3.584726142174945,68.73304414387923,83.69813072002438,1
2482,4.49468857536438,14.507805069221838,1.3804442739115894,70.68482546458505,83.63855966935778,0
489,3.1777558935804024,12.830169289635945,1.760983129978852,66.8853349865938,91.0764776548169,1
1175,2.5322872278591433,15.691493448929052,2.951610682726256,71.2940329986846,84.21931916089181,0
2025,4.7911437868626265,13.300427471153915,2.1344627162418277,71.77859091275725,84.62817843394174,1
817,3.173908041656505,27.33601855406246,2.261393230743704,74.33717161327552,72.80542652831923,1
514,4.0894367093604345,10.038208567547432,3.7865648221706096,73.13715578811775,86.66409397178134,0
1016,2.4835510582781843,20.010426082952044,2.1896336218079298,67.79240086518087,81.9924867515278,1
1225,3.0442438542237737,17.585984172695067,1.5310706517514177,72.38050085828037,79.60107827283662,0
2049,1.7626583545529537,16.149361040619688,1.6661999983644054,82.23505333387403,78.36180937965881,1
1916,3.6292489718935848,22.399430499569203,4.682356501192701,81.64195272705906,77.25702281665377,0
812,3.190937750773316,16.491887263005896,2.321780519614763,77.27843514457345,86.28388439180448,1
1128,2.105436767586216,11.825465401287925,1.1357522447820896,78.31549623370087,79.85820535371313,1
1075,2.1188928504735385,16.458651886267038,0.7305414046834056,85.30411400567672,77.44160720564876,0
2292,4.615958503338744,14.084108655473857,1.8753633573258863,77.85623829794248,76.14226597634942,1
2904,4.971668750461816,17.516423344083243,2.3034778805726166,78.22094930268776,80.85299397231428,0
2639,2.7868646633326786,19.065368158147493,3.4491737064276724,67.17708486943229,78.20195147891108,1
1522,3.0677535727621628,10.704560288179653,3.352345166461767,69.43684719380931,77.06122223750172,0
1971,3.400114474648217,20.976680590014077,2.493653578927165,74.83654841499398,73.08922015362265,1
1377,3.148031758159687,13.725500775657704,2.045831413840411,70.96278887462876,84.79678679752249,1
1408,1.3257022794613698,17.218069613410893,2.83960185342169,70.01022356488414,79.30988362275117,1
2543,3.427870677190386,18.08515085160348,0.751253923863612,70.58770475883875,74.5738067148799,1
2087,0.9121109653993913,16.83694345315315,4.481080893929217,67.88214678909436,78.64381929333558,1
436,2.267315808742381,14.454457411737154,3.154105595856611,71.04307756958974,82.74566027982809,0
1948,3.5054271466248177,12.557012090036679,3.3669902197282724,76.6971777740545,80.14420435801657,0
2726,3.599994207924837,13.655027463483293,1.4258466181233893,83.98161963242342,80.95496873885305,1
2664,2.18992691579051,22.825859662644383,3.7826486412965963,78.9849109135681,80.21274128995155,1
1272,2.5415630598130825,10.670667814354704,2.039982838973705,78.18077742519718,73.61572111779459,1
2221,2.4061634910015464,11.403783310185169,1.5474418771814367,66.88233307800797,84.74254271631766,0
1696,2.89715583686393,11.184255884281429,2.4608276293937803,75.59648352511009,71.45876919809034,1
2509,2.9732056533643365,15.678769399588326,2.437444914011626,74.6652004835143,82.30768287305722,0
995,3.6684681295291104,7.37647275006097,1.4214629274880033,76.4537054847559,83.07785460747722,1
2303,2.4831031371102164,8.232200719328034,1.6050626464586348,73.1965626526127,78.90078148110409,1
1128,3.3733961919135553,13.69522583520371,1.5267682246719498,83.31038370507335,81.76711261902778,0
1765,3.5070157644871913,8.561122773508812,1.5362849321431753,75.26387758148911,78.6143226537989,1
796,3.1982893773718652,8.968643453585992,2.1119020929003995,75.75111677468436,81.82747601545557,1
1098,2.7403941775505256,8.598657953185302,1.111014863827542,65.18779887576575,84.96461271759452,1
2624,3.1806454642754405,10.766941454333356,1.8086255025860642,74.4666215902784,76.03936786807331,0
2035,3.751740273393576,18.656232533352032,3.545134548384269,80.74629675015318,83.36982429476151,1
795,3.839184867716312,19.778539780605414,3.3233094521041835,77.77787804070518,88.46199001194056,1
2892,4.815372684826906,24.59500446609303,1.4501207591072454,64.22204530128445,81.32282631267181,1
475,2.0099737636937385,24.41180929256739,3.4582049172942337,72.75162463426888,77.48447887789294,1
664,2.5599926090045972,18.931563549402235,0.533560730863951,83.65949733681502,91.31616419542767,0
2902,1.386531339731598,20.13838837400516,4.929144322012153,74.24679639859238,80.44353119522378,0
2219,3.931009464327855,15.65551045342959,3.8003131921355924,76.61207991355563,81.15764951901438,1
1117,2.6654924936432534,17.599324260061344,1.9402680878598932,83.0950464364365,81.26187104766804,0
1250,3.2061909820293266,24.718015240915854,2.88242656173511,74.22692929226547,82.23931663799641,1
1790,2.39566143055336,16.856064340284153,1.099080671890871,78.95514929978951,78.30562527275507,1
543,2.673296005022175,20.7661928927262,2.5604427899258133,77.0569793857918,80.94995430352085,1
1284,4.223190105426658,10.328241957107444,2.3163369674975334,78.12574431755196,84.76091871718386,0
795,3.6942334104859835,11.668806378708862,1.6652366106076044,76.89607828416734,78.13299489382622,0
1892,2.8884779423410545,16.560347988974836,2.0314425136741407,72.26185060742607,77.90003011436652,1
1567,3.767813919476397,15.749658350316956,1.933012524190573,72.76101224288665,78.53957762265674,0
1462,3.789900080037874,11.90032906297552,1.3682632806823647,70.72711909815837,74.51113591007909,1
2556,2.608574483313265,27.036887919656095,1.6418527541033368,66.80145440564856,76.58580269074216,1
1465,1.5309204393637916,15.862970519574331,1.0581555740002875,81.22264955338322,76.38210038179952,1
1609,2.100838372997961,12.786374739076692,3.3573307655606177,75.05041483440606,79.99738738165986,1
2845,1.659471396617483,15.758094136803152,1.5678872535437312,80.97080091262228,84.18072827852883,0
1033,4.164434645992907,15.127133513058174,1.2779791284298458,82.82686337292324,87.26857048439736,0
1556,4.338115216447681,15.939012739455443,3.341504679815997,75.26708740454772,80.28594308595932,1
1638,4.586373880159016,7.031414923244835,2.86962035433933,68.43255434154688,82.28234875714354,1
1132,0.9804444510228314,21.459733482834327,3.3045010559489594,74.01905927073767,81.21696902953848,1
634,4.071400910373722,21.74414710219575,3.4160832241966546,71.6442819661844,69.5328052239667,1
1150,5.212191309384686,22.35160386018243,4.437454896938424,65.09924770472506,74.26054544069864,1
1353,4.111987713810645,16.627158792681488,2.3439602333068157,72.4913554753556,83.80632145582369,0
2939,0.8487703821293304,18.31240530082258,1.0423923210044925,74.64231393967744,84.2924258595979,0
1942,4.768298308396772,10.66886525996375,2.7710378007621252,71.78337802117673,84.17804012559985,1
1597,3.0416890371319414,19.164496642986947,1.8309953771201826,71.14227456524256,79.11094007768305,0
2076,2.7676008934995284,16.258938534469696,1.5424947166844594,68.61232088933522,70.02582769699512,1
1591,3.451095296582978,12.69796692180379,2.5999251722172407,75.97961074177138,74.85737507160414,1
2617,1.9509930774295137,19.323723458204203,3.3657527330095895,84.3463464160812,75.6224607717642,1
1816,3.002782370921579,19.5172451804555,1.6640051584037168,81.39311944025573,83.14384289545356,1
1617,4.620429645104074,15.303044178374664,3.774388087331719,78.26813443993483,78.21314451791702,0
1940,3.6223968705232883,17.191912900642016,1.510386040997184,78.3770455946552,88.45200254065209,0
2476,3.058401472102668,9.841414940332196,2.2560967786745367,74.33678427870437,87.33819168930378,1
1845,3.0896081599276086,21.215917186071792,2.886307881780868,65.9774341035648,88.36849223110431,1
2786,1.8186060167011986,10.505934059825492,2.112100791315942,73.1528415526965,75.4174350317839,1
1919,2.8500121086002745,11.472871759604121,0.7239976610614631,70.15361156333925,82.45445606070786,1
1788,1.3657046643702326,15.311578227152685,3.427407491788805,75.77348374672661,77.61237955531065,0
2256,4.0224409523938105,20.5725814210923,1.8765356596439728,81.16607351969377,81.63935909116645,1
1765,0.8142895175246574,20.569743166078304,3.244898449393693,84.8670479512423,75.9719312862802,1
899,3.8549003796207097,14.975876890474348,1.235855864972338,75.32310515590267,86.13078183775728,0
2080,3.9794109008340617,18.865066811269056,1.4065634179035882,66.66421831411321,76.06534224898057,1
910,4.318764615727194,6.554707753355519,3.362433409555357,75.31338025080989,70.26380487664451,1
616,3.0868591631618028,11.403400049352236,2.8405080927420236,75.4492808145669,90.16890407871581,1
1724,3.9166284661575292,11.505247802681994,2.0614142893153233,78.394219352631,82.21248339783965,0
1555,2.840253359634784,21.261064548799087,2.8550315981708376,74.90402224799584,74.65436617790937,1
2227,1.8133028823120665,18.273270814540037,1.545960864455642,75.3325913698034,79.18864442465431,0
2210,4.530732392537995,15.923263879523004,2.6102591174889094,71.83969621056471,77.11571452641557,0
2892,2.9031141703849253,16.40867531914687,2.6285539233900654,73.4404900844556,80.02870723402219,1
1605,1.5904886825268056,22.841696380150623,2.126218394808971,77.56616213407591,84.0139041795741,1
2614,2.533185054210218,14.149101667467242,1.6647142944092415,64.95758141928249,83.22889546451816,1
490,2.5726753174318286,8.429663457329802,2.5702485782147937,73.41355717168088,81.26864510254256,0
1113,3.461696918124212,20.43597592197652,2.445018856699102,78.43949983997955,80.02626556654755,0
2281,5.347047483372731,15.909195186025304,2.0341779210803907,83.20364470502767,85.39335378764005,1
438,3.522418613282565,19.768358390828904,1.4661855298192499,73.00831777934881,70.37270890831553,0
572,3.2068438519965254,14.77617596306746,2.5124770493354673,80.92684890411894,76.25533653369781,0
1052,5.455776199562555,10.806552381480534,2.036677635163394,83.45011922708971,75.10668583371915,0
1153,3.9788935399127254,17.014108605414883,1.4653423795630667,73.07308799468662,85.03128886501446,1
1643,3.2542492041349287,15.050875353707152,2.5435298107581112,72.2089573358409,76.30453692160765,0
1481,2.520588141181905,15.924711414372046,4.108305472055386,74.08962764954036,73.57022303854775,1
2083,3.3162000762045607,23.08285247058708,2.1331723340929223,74.59024107468453,82.74663773058467,0
2923,2.9336095959068635,9.506487613076498,3.9977765412420228,80.4541133392776,75.45626209545138,0
855,3.0914341275589963,16.429593302379914,4.6143317147300955,71.13137410245201,78.24636758745821,1
1228,4.314402424769472,10.905016549206616,1.5465810976223249,82.69032718052735,91.9057195044085,0
1294,2.459677816862512,5.0,2.5090442081989646,70.9962122363689,83.93569277001737,1
1784,3.5135407081635135,14.755174054888881,4.60373191781631,68.67787540191219,78.94479696292663,0
2358,3.948939989837594,15.155114684999035,2.378920038590956,77.61888605779339,79.39435937027908,1
2834,2.3378874831755905,18.117610514753792,2.5368121457654,81.15280214434603,84.53743793110736,0
2396,2.1773785845108993,13.912296257080282,0.8299945256251082,75.89327740506457,83.31435215052315,0
2795,2.8496580774190963,7.554998224380141,1.9683380996803321,77.17542198983136,80.37799744725469,1
589,2.538370409743539,10.887842113725686,3.055588684668937,84.77148619012655,80.51779971119713,1
904,4.152332608741504,21.58479418343352,4.92928264295125,81.22326390767651,72.60075759781014,0
1614,1.9982317214353453,10.816860353546843,2.3039931665283095,75.15462708891249,71.54994724965532,1
1931,3.06847136852867,22.91612764846253,0.8373736777486451,72.84426558409031,79.11588862113248,1
1223,5.546048333404475,20.249921462856918,1.094750809226691,80.47529433240693,76.83357407326928,1
1328,3.4130565337861825,13.411096978319652,2.4642103140617033,79.14641956712943,82.93039517170182,1
1333,3.5792901443048852,11.354604184486504,3.677206798052249,77.09288341330041,80.98589871902813,0
1540,4.160682495697126,20.239564845652893,3.1373536828753954,73.36493157003255,76.1361280325281,1
533,2.5370509345746406,13.7954437745319,2.960255863510126,74.61805181866583,80.81599229748178,1
2505,1.9185803712545961,7.271749301500208,3.8091443869175965,74.26240217690972,77.90883607222538,0
1084,3.1765112761627448,17.81158310311629,1.7797709124810486,73.44815608209352,90.33300689007015,1
2620,3.2654038283485374,17.08631723929093,2.5190947199575655,71.99425931702008,81.93121149481479,1
2252,1.3817892052868388,20.68853101357389,1.9796178797976047,76.32599317974152,72.19696506483535,1
1214,3.3750719146827777,16.747974996801485,2.2285442645479265,71.76842352115328,89.1025755010979,1
1572,4.069850498701039,12.254265114771414,1.493730645674515,75.88689585457234,76.83425498021376,1
479,2.087051926975991,21.34839419801067,2.156023928566204,64.50063383890476,75.12631504609915,0
602,3.4355558483748134,21.834952163394217,2.472284433754601,72.00062915699593,90.71843326271761,1
1652,3.892263660370134,16.166029819926038,2.1285285001384495,80.49164600347024,81.72918328897782,0
2099,3.5866782085300803,15.30160957266486,2.338938496986198,70.49785387267755,83.50383003602742,1
1650,3.681006238741557,8.383644884474474,2.9050405434371864,77.96050980521572,83.66530057936075,1
2082,2.7551997581936987,11.96236828826762,3.738695769064399,70.91358124983462,78.97005141881098,1
1955,1.872495662259404,18.80384820979677,3.811155868112598,78.8789282839661,77.1379736490684,1
2494,2.552853537616087,12.213598498186496,3.2614217673969925,73.5144552640073,77.9537127253113,0
1656,2.4139428981293753,7.715810653033387,1.2400185215616841,73.31676697817358,88.04433139622017,0
1949,2.9197409537924544,30.0,2.1395900144301465,75.27175739273508,81.01893776603404,1
1566,4.09327090545993,7.682970207866557,2.2257149692873988,68.28286516439152,86.56457519858068,0
1796,1.6881598718358313,26.283756982170587,1.8428501692114356,79.86045409378231,79.6177743638575,1
870,3.1442500228173906,13.4628827770087,2.8423511790296065,81.51716720757868,76.22308211328128,1
1435,1.9365983544821472,14.57718500428096,0.9056715067185421,73.19984251502521,72.78891763065972,1
1753,2.259953082177229,11.638608639062006,4.1935664695282915,77.62102085450773,83.2400159257702,1
1367,3.5587407526118415,18.91418582368946,3.6952206715217146,78.89455340106029,88.47049039205987,1
757,1.8100549466343008,7.8011289344495784,2.9782022619017576,74.54371223834185,75.5701349587675,1
1067,3.7342442897029784,5.798354818829139,2.4378906700798155,69.45876423641067,82.56686284319011,1
772,1.647835553375275,23.050857646893032,3.7288392950725533,82.97041065975922,73.12192142159624,1
1431,3.66698040343816,10.980138005965111,3.1894049367802673,73.037391475356,77.22151661469054,1
1545,1.450468730421488,18.730440597698422,3.6066377842180923,71.95432615393095,81.33968392687274,0
1771,2.3821873207433844,9.57271961551892,2.44094791774016,83.19395965666963,71.35852957164799,0
489,4.8964943831295615,18.54210521447291,4.289313085864167,78.05029383778101,79.90988373635308,1
939,4.708546369766887,23.417732493892252,3.666887875689856,76.28715038029007,75.81649763291428,1
1268,2.5874753474828545,12.364393072924418,3.0095362954359315,70.14619668298725,83.02379612869137,1
440,3.3899605860299014,5.332794466070094,3.7559729204311547,79.0140202910661,79.17299678923236,1
1139,4.204068018884884,23.443969566549526,2.080838058166028,89.48259302759872,84.69719509733791,1
2346,3.681296174420471,19.631221607624457,1.3324996406529734,79.4025383193927,78.60200856627593,1
2949,2.7265357535451757,12.632143831143459,2.821550513047476,77.48044248146283,73.18810240085246,1
1624,2.251364685963667,13.91023973365677,2.442909554186531,78.60546398243048,72.56519959481868,1
1328,3.8681031429579296,9.44673901875157,2.3022826577223707,73.35942333415728,70.45495248221016,0
2436,4.1307033086145015,22.1012846622098,3.716312039349403,73.31174635203426,83.16478916304995,1
2908,4.7157018343943875,12.326421960946774,2.66713921321063,73.24777257881891,92.78865459634497,1
1324,1.312750576546929,7.906457312262632,2.7635690735354843,72.12525022306562,82.17619068592566,0
1981,1.7468752117989477,16.068229407562356,2.172947441245904,73.2377756711199,88.3602344100217,1
789,4.1619236021470805,10.699933192107302,3.381123139279526,73.21446403875541,85.6678664539451,0
2017,1.4484694532498232,9.849927120684459,3.2018757813079195,73.77657745582934,77.40831995062958,1
655,4.2385499549119325,12.849503981190272,3.3736596768942935,73.6366098420995,86.32657990495312,1
1108,2.785067494014608,15.431776577501854,2.0027360333638216,76.21505928504851,77.60712654243743,1
2238,2.479086180663315,8.094451220426265,3.804088460046995,75.39396509103923,77.70646065230821,1
2344,3.205428596271469,21.92574462606162,4.338768423766373,75.83681226755851,78.95703837031844,1
2897,1.6546315477645013,18.385798560328936,3.3420383973247056,82.61148781672242,79.19400988836435,1
409,3.824014830598352,13.173185046136345,1.690711712755709,75.38367119358256,83.30684731593074,0
1197,4.689636997694697,10.48328256851501,1.697797715763799,86.05445496400391,76.64556632054597,1
1276,3.8705762158142414,14.553872735416679,2.124623044406912,76.76344769911306,84.44551389291489,0
1428,2.7534913074458593,19.49717520377861,1.935622785981479,72.76370204558582,84.37372041515735,0
1415,1.461964292234559,18.722920135998397,2.428907374312735,81.74791619523499,81.71481766222243,1
2224,1.500412543797067,20.29252150225589,3.1324424663678476,74.60236366145901,89.69805954303723,1
773,1.6703566977606923,12.59811254509839,2.7899524407498486,63.031579241329354,86.43696324329154,1
2593,2.9877217228876827,5.0,2.702289056386289,74.97998429082408,85.34864645100232,1
623,3.1134000632726044,21.239055989581235,2.2587972501998546,73.75412081028021,80.33076687271625,1
1662,3.8684435107409954,14.16401928463824,2.426154072835451,83.03273693144168,81.75883068907163,0
2624,1.2039710135169244,18.33083032735831,3.2965755075290017,70.51216657499816,82.61903681543878,1
2202,4.311210230392399,23.34614377320151,0.5,73.33672590960865,80.06620686763803,1
1252,3.6944063189453713,27.17204316618841,2.4886095915212683,81.33819688030229,78.12215269845764,1
462,2.6731637069378653,11.750892609295898,2.787987594927325,76.9720426636209,67.97143628561844,0
1640,1.8102384582678999,15.669799535828222,3.283583068547293,74.14271587513433,83.58882704562411,0
1088,4.249140641691119,21.834182303027227,1.4899540607161756,71.21757166763483,85.20723608441678,1
1884,2.699906038762616,10.778604907385022,1.4370903175468812,76.75872863437516,74.19440571921582,1
2033,2.9799811006555714,12.08944203104786,3.0839549948781335,74.85349428390866,83.02584324860246,0
2552,3.383611970787932,12.059807107705625,0.595547759743084,71.16085367396401,77.04236660841238,0
910,2.086801094218389,14.859548432959889,3.8321891107607855,71.42076729336067,78.16735408796464,1
784,2.717819420974751,13.89938159855015,2.7265919914928105,70.9276394277746,86.55380263681677,1
804,3.86531690202038,12.031023388718378,4.058721212843437,70.0372219311806,75.04682804892992,1
917,3.764096078496275,10.171212921968703,1.412927623430487,79.67016879986168,75.0392610565339,0
875,3.7731072066952374,19.05970164197646,2.0636405312817594,78.99696679310219,89.02417182821999,1
2400,1.8448202488595682,21.689155104830586,0.5,79.67837228192897,79.27221650731808,1
2068,2.763419649270859,22.413573970862075,1.7043102370047238,75.02249774384262,86.23272796615534,0
2293,2.603606164952195,12.594632213077578,2.3161531192781206,73.78685606099921,72.00648569085533,1
1860,3.425178842274702,19.268623361286387,0.5372924199915634,73.87808945054331,72.40698365204574,1
1113,3.335657989648898,16.181629513638878,2.1053731878016007,80.10550786453054,75.4352774221079,0
482,3.1554273307429366,12.146643256933373,0.5126598231397557,65.89926089002086,77.59269611733656,1
1568,5.465733955419929,18.67109109354098,2.2425398150885747,72.42756948321289,72.98356701673444,1
2904,2.7091939198559625,11.916974729772516,3.6471119271082366,70.56327186247792,81.84648238215,1
2301,2.5921769139314557,13.119116986091559,2.4650202498858773,81.79943773294204,82.1729708432839,1
2448,1.843250329663944,8.11635148748185,4.158207372611803,72.61271238276441,75.50928561080731,1
450,1.4621526740711295,12.678894512833871,3.2862925633946096,66.82005582280112,75.90700650304599,1
1084,1.7796826227842246,16.269306045072923,3.8481478486069713,76.11711821123394,76.56609283074219,1
1116,2.28131807455672,22.84467247838748,1.7350547591217165,73.14942902553042,74.17557100553479,1
1869,4.310073094437852,13.232522768991567,1.7108583716073977,72.21535596157518,65.52221150011042,0
848,3.0391639043618586,9.809154264565331,2.8456134163853686,71.69984021637086,79.57479846927568,1
1280,3.1933306669527335,22.486844854670625,0.922297908367141,71.50257610419597,77.84781153649512,1
887,2.903726691797903,12.477237814578912,2.9711437497620903,78.54280157428323,78.35927077586713,1
2223,3.3653009930217888,6.258091719295676,2.1760801834530703,76.11893683278922,74.94098239495614,1
2481,4.402072147217844,15.66546867568392,3.8299968375466573,74.01017122184736,84.05248749575134,1
2542,1.006069163731964,13.376132633604124,3.1795122540794107,69.50880561576832,92.1269579470854,1
1974,4.21833731558538,26.501978213425858,3.5967064303401273,74.1555333830604,75.82957571989422,1
2601,0.5,17.37683017173606,1.745793918604953,76.30313928800012,86.99848069486174,0
649,3.0282027115219274,14.268288231725819,3.548210268761728,76.49327224129745,81.83324906073646,1
1073,5.191907354744416,10.377513953721984,3.944712494364283,75.80442191495885,80.17709945891217,1
837,3.680657939531544,16.650834205964838,2.461286176619659,70.38703666586235,78.27938631718584,1
2565,3.3730589353206364,22.28354975030897,1.7606493806335117,62.98411703703991,79.58391564883004,0
1170,5.001945966802973,16.559070917386304,1.7782127987655905,83.99809380025967,85.74795344849313,1
667,2.2969371019988563,10.76285153941027,3.739012992015965,68.45181562945734,74.30959519521744,0
2384,3.4339674224650474,17.69403105875977,5.0,65.17521020666531,78.62496634424275,1
1477,3.578117097473893,14.756965525635923,1.518354929824778,75.65257806502048,86.24500103911251,1
635,2.4775978657729745,17.24306551659081,1.4414799499574398,66.4574074838464,84.91857346763999,0
788,2.5658898205040197,13.225963249078898,3.421414180674479,70.97600625712558,74.38707030524878,1
1162,2.4562205667766603,13.10852362869394,1.7460864706333554,77.74425212904414,79.08704061109478,1
2248,3.0873149740085637,12.911101012841101,3.5183553842282698,83.86343634237024,83.64003923917014,1
2848,3.546691605771313,19.711190757486808,2.9653461735266458,76.93755904136188,83.31714059660548,1
1023,3.1232302729146624,13.158873623794543,2.476022697502036,72.8042036456156,84.87567260621644,0
1652,3.7094618174298555,12.701346343128865,2.9412715345216878,74.74290222796579,81.92142944083649,1
977,1.0308527140264525,10.289670492188169,2.880198369153394,65.95707021412548,82.75976573997892,0
2522,2.7817488362571634,17.27006900858384,2.3203935022138245,72.74623945417424,81.7139821096358,1
834,1.9765806896493539,16.558509010656092,0.7436389683615054,72.75109198036527,87.89866538763945,1
2550,3.301722512682898,12.756158877556846,2.6786507285890346,75.76664331068591,77.8909441028439,0
1163,3.2869174286723233,11.453106462210695,4.073060366064164,84.71094806346885,80.24095581472609,1
1729,2.8843778850425448,24.38086706613856,0.8912313367954765,65.3160235563388,74.92515583841146,0
2545,3.510279010532071,5.59778472437581,1.5342149798610554,72.96161194212756,73.93989116597794,1
1758,3.9978127182640275,17.465860016008605,2.9268269747660107,65.83245228004077,81.6247835052919,0
2882,2.9394794776936917,21.45701774108004,2.5385918627322805,72.48317953374746,76.37906867029074,1
846,1.948305111900298,5.0,2.911182159584289,70.67698929441003,79.71157198551322,0
2417,1.418742429080519,18.970700300380898,1.800681792172338,67.528268462493,88.08874655262105,1
1731,3.036110175330128,13.89872699251956,3.6624582865923063,79.5654601526489,87.7996885118641,1
648,3.241866701513541,16.280274321416297,2.546900565690211,76.27823851925214,91.1202238934415,0
565,2.030476110480021,13.38381017738955,3.196985522343057,78.97927814827023,88.18826254199561,1
1758,3.7257668231630325,20.376967228230384,2.820277410971096,72.34173087666252,92.01509095892744,1
1419,2.5410431141754266,16.815596708356786,2.6754949679609923,74.64641762109959,82.18264833906281,1
941,1.3435671348288496,15.658599447671579,3.12683365702813,82.97320320608158,75.48489708677708,1
1158,4.256436342345189,10.505696965207036,2.6864879539669504,74.98639902445444,74.99803715257259,1
2528,4.143987919202163,24.41146116917094,1.309800971904488,79.03978274579721,86.9816530372076,0
2580,0.984400563336902,15.049655098666355,3.5873568257159647,71.91271848641635,80.2581325140521,0
1196,2.437399718346308,26.449028987302295,3.318127286248184,78.5800867168213,80.63065757923007,1
537,2.3984163185857237,24.637846925890976,0.5,72.25540320097349,77.25464456023093,1
2631,4.639488659417503,6.108245163673097,1.8457997151243228,65.51788811970164,77.85413030175359,1
1753,2.9007072899583437,11.72527019598655,3.542360462492807,74.9620855603948,81.91879644888462,0
2275,1.5041218019445823,9.815244970125292,0.6730714535221662,72.64848428698019,74.72388254937982,1
468,3.8821047822408783,14.758969592564688,3.4435668819007446,66.87609320301368,81.28569232904047,1
2993,1.769224454233919,15.93582010243081,2.3587774643457493,75.95746425836587,87.55540097567565,0
2500,2.7396595092782388,16.149632339467153,3.840282570333991,70.5323675752334,69.3318207917059,1
1873,2.230231122119123,20.270643380094896,2.4988532109245365,90.0,72.29344060961444,1
604,2.43954490172006,22.46791384654435,1.7779320070043725,67.67778883293167,83.3780498075153,1
2573,3.9372580895639393,19.837438746193193,2.8080856607591405,68.93537528774931,86.81983936830432,0
442,4.521330161332166,12.195323928881265,2.469614510490014,79.34775553323895,77.5505363493016,1
2306,1.7256312536206215,11.089880674462803,1.6891488658593192,74.33489059679955,70.0087969247773,1
2558,3.6260764255078173,15.013809179419683,4.718343483011386,79.2460115463111,87.15962086970376,0
1160,2.267246370310004,17.130597632023306,1.5289018184156853,76.9019552694895,75.94467424042737,1
2542,2.298328089975924,14.084043271414389,0.5,72.08846436034409,78.19376828536194,0
2394,3.4906362214227147,8.27257581873889,4.081698968121493,68.10453803460184,81.59522436159888,1
2335,1.972097234286305,18.410297542884003,1.9164365276840736,80.35541540364017,76.66783314044622,1
1299,3.470602600775045,13.038426156330484,2.2032267390343043,68.5577490720535,75.61935136421403,1
759,3.730113356509735,12.887436327889784,2.1420939353709656,77.7945298058208,75.71099903717956,0
2119,2.5674677383009814,14.726936629709536,1.930348565841674,79.59499378628425,89.28964280463842,1
680,4.327078102013667,13.800505414599195,1.7338075287365542,74.3654109798502,85.79806794212641,1
2287,1.727175387938493,13.167494722439493,1.5031826975030356,73.47926232156098,82.87258670308591,1
1066,4.345406190611672,8.599373465334052,2.5647597617045657,70.0813694766949,69.06783387132717,1
492,1.056012570514867,14.438762665241706,2.098012442324365,77.3137135835215,82.89095947527794,1
1071,5.699714140419509,18.51476895953434,3.2303621903339463,60.0,82.62100104204734,1
2369,2.5937977613781675,16.323220025606446,2.982694051616154,78.57863169528405,73.60933429907416,1
460,1.8376928436123823,19.740607195503223,1.5724878064745957,75.59738170487857,81.29355066736916,1
1428,2.7673280914800014,11.357274888399965,2.608521276072356,73.88592150140158,85.25746248129344,1
1889,1.9535220573755716,8.609707604410993,2.0821616758786465,76.21151137331924,82.84682959296887,0
1003,3.386965298854542,13.770750105110016,1.5083395573663343,68.13221804033935,76.59915299149887,0
1081,4.367657331470147,11.928816907256515,3.1894315705151324,62.935036559620585,80.06632321541987,1
2981,2.0065437739433225,12.44832508396126,2.378674720691635,77.34287534976981,83.651784656006,1
1828,3.5793992391740033,16.058748590405635,2.092449979829521,81.58273086092345,80.29726017108824,1
2680,1.4672646311042405,12.484597304476722,1.6444327635767206,66.30299014031631,86.27142444553448,1
923,4.032954733228612,8.749657553968028,1.472063238926661,69.73759961501794,81.97840778420054,1
2793,3.4162363669275955,12.20502636059001,4.488768023914546,78.76162446513719,83.76461332643916,1
2993,4.07618332133032,16.70029683430401,2.8341186496299966,76.79444879973427,84.1070032349588,1
2368,2.8776530973588947,18.357403005034588,1.4088709627971834,89.81554228153354,74.66658648347068,0
1501,2.5648434021452484,18.307113920416736,2.7878658983228126,80.37828734412949,80.2499301767834,1
2153,3.8161174360573327,17.122365471239547,3.5620161767955376,79.17712235946524,78.33822763240518,1
2236,1.6919514784415814,14.159532670173778,2.6675176125300424,71.18105650002559,85.21922997403539,1
2696,1.2571756682664248,17.024570494795647,3.8740213421331244,77.62402898195342,82.31616523352012,0
2494,2.995038015959962,14.788321709008814,0.9571868579300329,82.47706831237684,79.05893768947205,0
1544,2.6104033931412074,15.565480689101188,0.5086779526197893,74.17804617463547,73.59074298278668,0
2661,3.5538333317815463,10.3033663106703,2.7605174218537534,74.41392713131434,72.0154583393973,1
2686,4.091551424313997,15.219374818803578,2.7764961433738833,75.70676763303466,81.55171309972476,0
1479,3.533014079151139,16.893331171257056,0.5,71.67750659263882,76.4139366138327,1
2797,4.011903311826745,16.705636567198543,1.8764239087979848,76.34481757061657,83.33063234048616,1
506,3.321052333332164,8.562404869703506,1.4913376856165448,76.2198606913784,71.78429867461887,1
447,3.4945957483210983,15.481303882016912,1.1080537592968436,82.39993206590329,87.96475599104446,1
736,2.8833427901677293,7.780552112680433,1.4889582353901891,74.05303778744648,83.31932044965838,1
1449,3.465045461015182,15.868383230692631,3.09578780159936,78.37364273031753,80.49592544988863,1
1680,3.1666528285635134,11.49331404198643,1.4825949787102917,74.20217359003975,88.41529468201367,1
2455,3.325176796529064,23.528214712627225,1.5168778654181585,78.19879720891122,84.74208967110567,1
1024,2.833275966913161,15.59621664647945,0.881194691142321,73.74970772104051,77.62498380691478,1
2290,3.8089292004712982,19.005820099119614,3.768909642515826,77.86736493472603,80.38788154889164,1
1676,2.2895474501650486,25.5543631851214,2.9346323654706343,78.64117914544224,70.17862850092627,0
2115,2.9816509790958934,10.912990944556395,0.5,69.66671933471096,85.32095155274425,1
702,4.311783900207576,17.178374554529558,1.5177599207768135,80.511877103353,78.5202416100414,1
1038,2.0512781770788746,9.070444953835768,3.028517884394926,74.16761306525989,70.11387577380509,0
455,0.8381545382473692,16.724485041249597,3.781392548982837,72.65101652686926,74.09080715295504,0
1125,3.366457166297972,23.828546332252017,3.3408387593666564,71.4499594416499,84.35456024224705,0
925,2.7430455096465005,11.860583927791053,2.144317089742114,76.4910013904912,88.06901357518076,1
873,4.010862240371839,10.57022843352702,0.5686231392069616,74.97689155548238,80.10212759459043,0
427,2.869484920103006,14.544128832407184,3.3702489939113103,76.85403592770842,75.08974329003553,1
2525,2.3956609284366883,25.229086440441428,2.203103148679496,76.95110392159239,72.8962515516045,0
764,2.9241826041817864,18.855194599766275,2.56886201461507,78.04292322675089,87.07307309070553,0
925,4.093068586613211,10.475426739719946,2.3225795617915033,88.8814205807653,82.24733889223614,1
1735,3.575369627192375,22.275302912408847,1.144470500423732,75.19845878665926,78.34930189677627,0
1282,0.5660977434519654,6.724685038334066,2.864250212222989,71.32713306713714,77.15864106962229,1
1430,3.185767492086771,25.682795644013623,2.7264590311134467,64.90093333830883,83.35914818866814,0
1426,3.2357621324014048,19.282253400075795,2.0742111570852018,69.02341600904707,83.2215924703568,1
2046,2.9817500347994805,23.817787200033592,2.971105799862487,81.17674325376456,75.51707793272027,0
1318,2.389110108431411,6.761009458079824,1.126000452576694,78.59962253386554,74.28813754549529,1
2810,4.194531874506445,15.847209154298431,2.230997224116891,68.25006976742503,74.54048652143253,1
2174,4.244033948134861,14.33055536717142,2.526127472935789,87.32106220499611,77.65887709762822,1
1931,0.7968395391741381,9.965102632766794,0.7650723678649378,76.63382238830754,76.55107273208621,0
2306,2.2020405222585557,8.519881898743039,2.4429033891639467,77.3015835994017,88.09046009084783,1
1615,2.85526934871428,17.535406293797745,3.2336451466812957,86.2211258996804,77.48109688870281,1
2054,3.9485082037166697,17.98865854056812,2.1967690759571323,83.69727860414106,73.75166776025135,0
884,3.034852876391766,21.499870233628762,2.4658850974856557,78.90568737916081,74.03251279550236,0
2475,2.3164061998350767,12.482894733365846,3.062344039234167,79.14606970413128,79.08014199479203,1
1113,3.7095335773073748,14.29195094922095,2.112199891133727,79.61392548085433,70.8893793851058,1
1462,2.7886639144490077,8.087700375269542,2.202202600455711,73.79516434143991,79.69939643068801,1
2376,2.8825991408450404,22.703929059973746,1.3232964854675329,76.43396448772098,73.31895249759218,1
1696,2.972841566595924,15.347740438786216,2.485063222679235,77.87160247037356,85.7930518337085,1
1654,3.574308440838484,18.612942508100527,2.1651515163952197,74.36608702810794,80.58281174620973,0
2533,2.6914503983262126,18.78952698055506,2.9990897950533224,70.17290245142223,90.60511800766221,0
525,3.686946492647222,22.29553578650989,3.063459954183239,73.66934799345665,78.85899710248894,0
936,2.926931031592927,10.843002663662734,3.291209039012881,70.0603369604704,65.0,1
2592,1.932983413582124,18.487933001735893,1.9917396491048691,75.32186285436116,87.28840600178101,1
2472,2.963223694304552,14.874956468454792,0.5,66.09771423996743,82.50961579238535,1
2003,1.984786596854785,25.528385331703156,3.2416397464647746,76.70519255253774,83.28453939480336,1
466,3.0409867897759417,10.828179105019917,2.931120964097409,66.84362752215918,74.98708205127976,1
632,3.829473929231466,20.857131738819362,1.86470839531391,72.98263470003498,79.78575972202306,1
2556,1.9263709939978853,16.751708896141984,3.054940199567337,77.52050537240423,80.9323043756783,0
1569,3.364273405804439,16.489280471030106,1.0514101974837584,78.95573355756265,78.81089691196951,1
2558,2.170962541646792,15.270103630237449,3.5302402128702752,78.3617960444175,71.32818587373264,1
2675,3.201700559916547,21.733329114183938,2.16637544820595,76.5986695723694,93.84346024129528,0
510,3.860204242020484,16.319258505369675,1.6710723869951045,69.40363342376254,84.17914618914112,1
1893,0.8704869258899586,7.377923309395115,1.8782984437611123,79.90304177433379,82.10292023510198,1
2481,1.8855241731286545,21.097517843561224,2.2685150139997874,69.51799317747444,86.5694281050699,0
1022,2.631020554890078,20.18100916065861,2.4879879267005367,80.47287910227163,83.22096105519421,0
2872,3.3150404891816154,17.93568842106424,2.548280280399407,78.13852378740853,76.61398559960149,1
1941,2.833616670641676,9.357631851262267,2.070392556041876,81.79450757369769,86.24891378908845,1
1705,2.954119218019081,10.134423198893398,2.700239573461479,75.12434242008149,84.26108003289008,1
2161,5.042984525351256,5.612785573819455,2.5082792743334337,70.9061794639449,76.80357091342971,0
2375,1.7875427211507724,17.301649365899067,1.8524270044256008,68.53673737920376,83.95007334142522,0
2762,4.13548501636277,8.252255759128152,1.701809375578736,69.09210332713536,78.7971498391196,0
1276,2.650021872845583,6.406245535689177,3.1083655428948376,66.81612625696494,81.04239099899307,0
2389,3.549474792498734,21.37494559650022,3.0243260359979054,79.71001458468282,82.99825233456613,0
1712,5.1289465557456,18.840897822314236,2.5571363551612634,80.337084765162,86.8424885065248,1
1860,3.688678023685426,13.334141675845364,3.424195465990201,77.76849962628424,76.77002007436472,1
2724,3.37249570979,14.329767083714023,0.5386723438323655,74.83479543963361,81.82481090326132,1
2133,4.599122335149375,5.0,1.9356053584932968,85.30479718231257,90.07863113115597,0
2005,4.1247986445931915,19.5837245952961,1.3436828876653557,74.50925758517997,79.11976251986525,0
1926,2.2006059238385642,11.53634267755658,4.75627226513785,76.10458404071947,80.9827838884979,1
2963,3.2945247424538557,16.651454315665703,3.2132198203959863,74.76074243335441,90.07115237238995,1
2797,1.2825042658592405,5.0,2.420938016341724,73.30845966768275,83.18738735974553,1
2030,2.459846611625749,19.887840160807727,3.2849905788461564,78.15487244915549,72.63009860419442,1
1560,3.3140529675998596,11.23577615307138,3.6162756637551148,71.83251655397738,76.02261173922818,0
1158,2.3978946472187412,8.119788681053228,3.6056316915240707,71.4971108674268,83.44789607182722,1
642,3.2733667459719245,13.301991827558163,3.421703485100353,78.40734692704677,82.11502453945238,0
2990,2.986615384346961,12.018023910322576,2.2374596767179384,72.51195816718831,80.81289933369409,1
1463,3.536416732395043,20.37133806454933,1.998634580516048,75.66741014037589,90.80612091583232,0
628,2.5758009779718893,12.898024388191864,1.537810820019315,73.29335940118237,76.91256421920802,1
2995,2.0598510855632868,21.81308513306684,3.0024472667290074,74.94224350886675,79.62793088283982,0
1319,4.478126826173261,16.650713078945365,2.341064264671219,71.63355440766688,70.18444895280882,1
1646,2.5043032573100557,19.471839436061874,2.081528969482804,71.79705623625453,85.80329944400486,1
405,3.6600105931171183,14.989167733860569,2.0293386382721974,70.90133939094858,76.0057384946871,1
867,4.4352470264725365,21.360294911699416,3.9501926306346884,79.21665054930726,85.28568384400464,1
2155,3.162669998997532,9.231880048586621,3.452680412841671,75.85942417125665,84.7601506571865,1
474,2.1436934305568505,15.568122287471635,4.330393856128166,79.59275411896832,91.74549629393888,1
403,2.8213900254526556,13.017820852842926,3.029016299892109,80.12693282271981,83.24637788265606,0
2270,4.0175409166067535,21.98314239753656,2.556954440254898,72.70042836432164,78.21956687839946,0
1045,3.2062475457378627,22.49517202329713,2.4745975492550754,79.40792492194282,82.26811479998545,1
517,1.7948582077957231,15.002106296185593,1.479698452738527,74.92939639033284,76.20373576085706,1
2029,3.5966438335337125,8.542444494520975,1.2385810082485993,74.20663247260374,81.59580088754454,0
2951,3.7695314690509987,17.13548658395834,3.0073410218928744,81.26183548330388,78.99548747228813,0
2421,2.6446881138820664,6.676951324831167,1.5653212895167452,77.76884231407716,79.64830775164064,1
1346,3.6102443756047458,23.130713993915556,2.711457753867236,73.23787872468137,75.50816756036218,0
1864,3.245018595460467,12.634149646819807,3.6154666830952116,77.44396657763325,81.50223029881388,1
593,2.802570461357961,14.847149182912524,1.8345460669691036,68.67143673915206,84.12115012843034,0
1246,1.7064642564063364,11.59524462096623,4.510481634591578,76.23656490569809,71.73951602664137,1
1815,4.0779538951057575,10.491092066495897,1.5093048790559007,67.50204224570908,76.55703673367431,0
1858,3.759210999919833,18.68645658273526,3.490194756489846,70.07800187065908,80.84023584590135,1
2620,3.5838862943753127,14.206916614743392,2.9247561811323624,77.9231984913456,68.26341679393293,0
2068,4.544526003678094,15.212412694615876,3.6940952499461512,61.64877001286595,88.70132216856459,1
2773,3.945193727013594,9.980544603905804,1.3838023886403104,84.01255929537378,76.44444592723472,1
1833,3.686566006151563,19.2802961174852,4.807020916953611,79.172463603523,75.30956240620786,1
1541,0.7867726519731688,19.788948675684335,2.321224916217094,65.80733438755131,78.96328861871606,1
2210,4.196894951802416,13.955357565602114,3.1766479392992815,86.99249303346615,80.68686419399111,1
1123,3.0830805142820505,21.339610666659436,3.9444874889465007,88.37051946243008,76.21763551023831,0
624,3.3124916802571387,14.479379228877388,1.8953379325047843,74.09754170505131,84.90206832994464,1
931,3.3193331896933858,18.898777481444103,3.3257263629471785,70.36755467649878,81.99853269720612,0
512,3.7738327436422794,6.885362095849512,1.7285303547785071,83.43151787101432,75.81379053197323,1
2587,4.122175028801685,16.76715433243206,3.8969615804578392,73.2810493127987,77.38797441538814,0
958,3.6342411430592225,13.642592661965326,1.7398192687712664,75.80519753906427,72.41615151804841,0
2448,3.4752855893198915,15.777612129774981,2.5385069824957593,81.08644866961384,73.73329552232582,0
2537,3.2315127392955714,15.55341202827913,2.80612070101196,74.23244268103402,81.93799164106181,1
1053,0.5,15.62849911088492,3.2842997697226153,73.79472874841666,75.86567721965086,1
719,2.712408980549812,18.078503646812766,4.4684763084265455,68.63802511397391,89.02142226524546,1
1973,2.0584104826493546,12.174131841970105,2.0480310103855106,71.84728452130992,80.35461600154571,0
2228,4.210739538939086,17.845396297678217,3.6387347742736065,73.69615076871966,73.23588287448003,0
2317,3.6190371982862937,21.162624415589534,4.470258448634137,68.80718405482666,74.28326356966218,1
538,2.5418630127862656,7.9492949750983835,2.6657333608649174,69.2603209089531,85.26484847340714,1
2426,2.642282817730756,11.097299508853371,1.9498672498797087,75.16800658321995,79.61743198695463,0
2706,2.606018636697579,11.307322872494069,0.7699662605647084,65.75147927164019,84.95997413278818,1
1301,2.58817384568108,9.539771002745203,4.383275767411062,70.60418492189334,78.16756009960967,1
1089,1.5554425564752028,12.626511151814706,2.2555556700756365,84.72296996798511,77.19883953748246,1
2439,1.3387205067222323,20.165592576999202,1.498641500769449,73.27265676429964,85.59723685517193,1
409,3.029046772381744,22.237934622562143,1.1416699157902372,72.64638295898074,75.70711311485704,1
660,4.075314139359355,15.53087484873251,1.4967858096099587,73.2502708274258,82.44527066685181,1
2342,2.462310302572137,13.378819945758998,3.419705293227165,73.32923809272833,78.94108194799315,0
2073,3.303444750924045,19.014619845403303,3.557868527674738,77.87434434919192,84.39361706687887,1
2619,3.734260917176725,5.0,3.1521218714555364,77.524330765889,89.092419937679,1
2460,2.0066217944161435,9.72410763948421,2.6323378273533646,73.0462079346774,78.03911158399495,0
1591,2.980024571280097,5.0,1.2544794104986643,73.93081288431028,77.26428930601772,1
2019,2.333479518726485,9.67150141322279,1.7700590540979526,81.5638655899503,83.32904194518677,1
720,4.6061194918312935,11.164912365489998,1.3933805893187245,67.44847622764875,74.58998202398466,1
1742,4.5624595068621145,22.38840938968839,3.072821005526265,74.71208991725639,88.08232728925017,0
2036,2.0076571601251496,5.0,1.4366875211382957,75.67623270175616,87.23011275028236,1
2776,3.385884383084326,12.91648699882833,1.7857538889464075,71.11658569950443,75.00440180419784,1
2394,4.067599300812491,18.097832360890536,2.316512757001493,74.42431698254352,72.08437590296546,0
2343,3.8483295003763303,17.053653316345468,0.8301998469036529,70.44161769599059,74.19711423571891,1
2438,3.0815630349843657,22.30869066767447,2.5467714308408467,78.18584535350752,74.27315180020442,1
1518,4.306557461764347,15.805257392982943,2.3928471189644633,68.3089667224781,84.00880282177488,1
2004,2.095485311010567,16.871390902405725,3.684209145961691,80.3116683121003,87.74585157889702,0
2765,2.696907055605308,5.807465840987248,1.680134454966248,74.63347421455221,83.95063106309412,1
635,2.122357580240425,10.058655709115955,1.2008044816876644,72.75983070283145,78.81903891691772,1
2369,3.7824934947006215,6.086476282759882,2.1259403504087153,69.97651450172863,81.71249233455207,1
733,2.4173631257005486,17.8630405395705,1.401908706563984,80.15328897993733,75.65110983597482,1
2308,2.8287508245629143,16.743452258786228,2.5391545918131246,71.7406893298302,85.48604022782116,1
775,3.617670368265749,16.56768983641758,0.6400651381733939,69.16375720252759,82.16014469991266,0
1560,3.6982499137778158,10.592831957709627,1.8946545966227186,80.25731659504059,83.86598891008231,1
1970,2.0928736537447494,10.135251103416673,1.5716283301777803,70.4784709325267,76.36232149070112,0
2960,4.056655283772792,16.047234661482086,3.067757077086069,74.52758842927756,79.15701406565677,1
1719,3.4556896686672514,11.653069736144326,1.6894352903746348,79.09401887868631,83.62536569990601,0
2255,1.9182971604195986,9.897977180838815,0.7639042414015009,75.78978801390477,87.21756449761807,1
1772,1.6722841042433871,12.458053143709659,2.2981799030654515,83.65425772934987,76.95950120275708,1
1272,2.984180289737932,11.696289819823459,2.8198861402745092,70.8252481585616,83.9022595358541,1
1652,3.8500939893168087,10.666385126857733,2.228794806739274,73.9474433170013,76.43964101694858,0
2717,3.8757158624009804,8.87116091621199,1.8886772207808922,74.33410929866159,90.58596886413304,0
2251,3.3561668772248425,17.243448841694534,1.8284378994157373,78.10617476286997,77.92587645863735,0
1714,3.048674838326826,22.780247197385286,2.6129480324420338,81.44311563919047,83.21752587026056,1
1124,3.511737669079005,14.804978996906732,1.6105512507604518,75.36808254814349,80.82804807616816,0
2452,2.1446694856107413,16.11217068484964,2.1715170285894665,74.31168084819858,93.02651560680246,0
477,4.686987863025392,17.681889263008518,3.2504465708873735,67.58504066085068,81.14950804012283,0
531,4.67393841812252,16.83282878596561,1.1986769210943546,75.56190594898348,77.42471988504936,1
1000,3.4288123146206977,10.765438358415103,2.456332980259728,71.74849995001773,83.19753256306531,0
2172,3.197300419992852,23.599231055512924,0.7110105872029953,78.09218155299385,83.08620433387686,0
1465,2.5885790273406295,11.213447431610195,2.727929670009953,72.95157905390985,79.21265068120529,0
2536,3.5287488457996607,18.240441823302046,1.5211907892009389,73.79680972814964,74.52617067885946,1
2849,2.308682628983223,17.65095653671456,3.519591813030795,67.69865992708215,77.36000569304822,1
2743,0.7763879690044693,5.207792289326811,1.023052690354651,65.94273958118731,84.4074947407246,1
2263,0.5,13.205767915435404,2.942079036801008,84.30493520091805,71.26275526883019,1
1718,2.200501666836513,15.28314225906085,3.7211310785264935,75.64841954782638,78.75977050307144,1
1015,3.1563781229182775,15.66575605712143,1.4693105985795314,77.02167738815304,84.97431960908392,1
2869,3.3319717339534827,16.507102577583836,1.6381150710050605,70.43852518408623,79.53251890499976,1
2288,2.5132429914907153,18.78831436469988,1.5558043556234025,79.37761803589306,90.86855069776371,1
1446,3.1418351671429035,14.962423178646109,2.0141373115956958,78.47569947952181,71.27674879850673,1
974,2.725771642945469,16.77308784008972,3.0174217991894654,70.98786402788595,75.19316065540283,1
2590,2.0006872423498625,14.775227066138084,1.9324950661128764,69.70247282077307,68.42683098873606,1
1392,2.946255491030875,9.913331716226132,1.379041774793643,71.33736158086364,89.9684528337265,1
2592,3.812957112365649,15.16200720684837,0.5,74.85858675646445,75.27506424624184,1
1648,2.045938252253678,18.745449221265346,4.1019475065123965,75.83553501570113,70.06539344135834,0
902,2.046395386980302,20.543941912376823,4.180495630414647,75.19197004119326,76.94040342787282,0
2397,1.9307494060478418,17.68657828772102,3.060237039488457,81.49365054320101,73.03595445905765,1
1220,1.0634812654918842,21.671751629746495,1.689616305575015,71.42521574951971,76.97607554847299,0
2551,2.5197976258529815,17.094323737044903,3.2477021151316467,69.5666900448554,80.20614625472452,1
2370,3.714086112952531,19.319399108344186,3.448706917493066,75.0004951092591,84.0246055202355,0
597,3.173916083833763,19.68695574639893,2.2457518685872664,66.53457592084527,79.12665529944532,0
2069,2.8307491159436933,13.883247295581322,2.5413685439988907,78.47868749255309,80.12645349667338,1
2838,3.1290647982401687,18.630017162838342,3.7317682294894925,75.48981632238063,77.09202388464935,1
1602,2.5110185125708417,10.29677551179543,0.8595386429435916,73.30980979545026,72.44150886375171,1
1871,1.0521133627365278,16.749061712744318,3.498422823122174,73.0322356337543,70.7672987851705,0
2046,3.783718781814566,17.885129133342264,2.1908461886434867,79.54997891060617,78.1775710983182,0
2092,4.071124573784651,20.25547560349665,1.3874216979889495,79.39073967669265,80.42319889271607,1
1712,2.271843223932213,19.10379651990653,1.4696935267056612,73.76814070793323,77.80692739386875,1
2435,2.8491643793934442,20.320570916673567,1.6352778654809117,77.9588441177894,70.9533650356933,1
877,2.76300082893984,14.503098349367885,1.289929279898797,79.31685230920169,81.00700046634086,1
1654,3.3512888094245414,13.273034226649763,4.271388974389016,76.67763112812356,88.14652441452156,1
1322,4.68989345662629,13.625506210571919,2.9912029385010013,73.97267490185638,79.42676743244427,1
819,4.1597912452893056,16.33141865224315,3.5644827536085684,76.90583853745301,77.10234711211959,1
2604,2.623085774586104,5.956264921788739,3.062368291616678,69.80456678535313,79.6975297987824,0
2997,3.542463861500237,21.65878485197277,2.5612276084701735,75.35552784646963,74.47810077718441,1
1520,4.254356868572713,15.219366799144874,2.574755323365632,73.83436872186871,74.15550435351926,1
1350,3.408345164394778,12.924992088324403,2.102487361090138,73.05067188103266,82.25707044047319,0
2736,2.9953005955598275,5.0,2.1842176235598294,66.36739494068284,84.95160764516166,1
1677,3.446000094667186,14.815932469108587,1.0918966261871084,69.86201124293785,79.2645082390279,0
2643,2.2967284774365266,14.007617424621222,3.5818261510402634,72.5705258793731,70.13117476192116,1
2257,2.442718875895919,10.514767846773726,0.6867667139969547,79.47519590319378,81.76674463267875,0
916,1.9359657647989026,11.63476577436494,1.4413894094708009,76.42911745201994,90.33691085168724,1
2058,3.307064516570243,14.866816777774183,4.512034130960611,79.69837124013951,78.78050918275858,0
2265,2.868597093977762,12.058817702061585,2.6361728830648268,81.21456691200065,79.11077112298288,1
1541,2.1768819386519205,17.859390330891777,2.6777104450301987,76.64654572624748,75.6368323494303,1
2332,2.835820588379495,11.256082056779919,3.137338547767729,75.70146705340149,82.40676998946705,1
1214,3.46999826076317,15.77304214760389,0.9596625068786044,70.13503001657395,76.64508267752694,1
2675,4.914712305997992,20.90022684405585,1.1062066335299767,84.93335632286654,85.10750948834297,1
2300,4.012067864703858,14.817020687187243,2.0551056534511534,67.91077964144905,76.71209726757422,1
2663,0.7158521425176598,16.779885619798726,1.5966390424523098,75.59367044104248,81.70895734059482,0
2462,3.239308466820346,16.463256937002992,2.4250440349905995,79.1639950177269,79.76827876970219,0
2494,4.429324262712854,15.03998449808633,2.985549295302136,79.23368788765669,87.7755580965465,0
2771,1.6621265087897674,14.664964290282448,3.889163047870596,69.22455454780338,82.04739693099025,0
529,3.5515592702124237,12.14312889275044,3.311088339789591,72.90048498566205,86.93503659562461,1
494,2.763357814468954,15.755061452789096,1.5057232883110456,71.00522613941169,80.54311750388584,0
2355,4.150290530916161,13.583662455802664,2.125035922052207,65.0978288521699,79.14629849742859,1
1193,3.4042571950134524,22.730450841173536,1.8530548287503854,75.6516337087248,79.80904615232387,1
2234,2.1159845454407935,19.05571629554956,1.4834391209876505,71.41192301880011,76.14295399311403,1
2516,2.7991485217093803,7.73602052055827,1.2558248873221676,82.52741142355673,82.65834391851936,1
2083,2.858304323952377,8.014210008909613,4.16431238772454,78.07587219094336,76.54820829598256,1
410,2.876821785189951,14.347700654803175,2.51064224323265,75.20700975107053,80.56231520758925,0
2265,4.119262944775263,13.023472612801267,2.275769793395252,72.63650233814566,84.27600983231956,0
2997,2.15738007860977,14.084030408890374,2.9842575665943016,75.57558034892837,87.9177445488847,1
1111,4.003051309661184,18.255807303261566,3.033746103741573,73.7206309204211,80.81430041932495,1
2470,2.6977503240784797,16.578679494386783,3.6188256537064216,75.34769554446554,84.30603528033016,1
1214,3.223511106329165,16.528146152290773,1.7563383866332345,84.50817885415984,83.70943875190407,1
745,3.072377586281034,22.230973327476967,2.9027222168728204,69.67621922326161,78.08811454589512,1
2749,2.9781946619181654,8.055542229134604,1.5888260236491711,74.15679065675863,90.53901727212089,1
762,2.9863971655546777,15.519694170744495,2.309842056261272,78.53194200151111,77.11878898560528,0
2843,4.457358558271021,12.104737260263729,2.556742567162054,72.99929579107088,80.45497313074783,1
2665,3.842449924906145,22.17717892919676,2.6544839957190614,82.90270920304185,87.27059876699214,1
2588,2.6372843104200703,5.0,2.6103211058471905,78.39229576505919,87.14729121399412,0
1384,4.582787254122091,5.0,3.3018309825449195,71.40554792415188,80.07160199017831,0
2039,3.274681073992853,16.523181481740252,1.903011609024228,76.02034351137492,84.95208373920315,1
1227,3.3576242593238943,20.631482796620734,2.6816742729034715,71.476956329061,78.88013831778223,1
755,2.1626809206686084,18.86627160658525,1.7410951604796,71.01670842822952,77.5566055485047,0
1747,2.50250134159486,10.995096033411457,5.0,74.2990101014521,73.9360546344078,1
2263,2.3114964920728243,22.5321086100079,1.5871356822363702,81.3188058095089,83.6194068273964,0
526,3.086072864993675,8.842656257028958,1.7993473456554452,78.72722519892358,84.14610465634227,1
1003,3.638783079448209,21.537420947716726,3.38264807701312,74.88711196751372,77.16055352222169,0
